{"Break":0,"MaxAngle":0,"MouseShortcut":["0"],"MaxPlayerTargets":1,"Experience":0,"CastingPoint":0,"CDInFightStatus":0,"SkillCalculate":0,"AnimationDuration":0,"Recover":0,"SafeAreaForbidden":1,"Damagable":0,"TotalLevel":70,"CD":0,"Name":"惊梦（第二段）","MixHurtTargets":6,"ID":91103101,"Display":"按空格键施展，最多三段，向鼠标所在方向或键盘按键方向跳跃。#r按住Ctrl点击鼠标左键，可自动轻功寻路到点击位置。#r#Color_SkillTipColor3疾行状态下变为大轻功，不再有跳跃次数上限，同时大轻功节奏条出现，每一跳若能踩到节奏点，可恢复轻功值。#r#Color_SkillTipColor4提升本技能等级，可跳得更远，疾行得更久。","FaceDirectly":1,"Category":2,"Money":0,"MainSkillId":911033,"AllowNoTarget":0,"Target":"Location","EffectTarget":"None","MoneySum":0,"HitRate":"ret=1000","GlobalCD":0,"Holding":2,"FirePointHeight":100,"GoodOrBad":1,"AttMode":"h","Targets":1,"ExperienceSum":0,"Level":70,"DPSStatId":0,"Status":0,"WhetherSuffer":0,"Range":"10,16,2,2","DamagePoint2":0,"throughWall":0,"SpeedInfluenced":0,"SkillEvent":"FlyingSkill;NoAtt;ChangePosition;","TargetExceedRangePolicy":0}