{"Break":0,"MaxAngle":0,"LearnType":"LearnType1","MouseShortcut":["0"],"MaxPlayerTargets":1,"Experience":60,"CastingPoint":0,"CDInFightStatus":0,"SkillCalculate":2,"AnimationDuration":0,"StepSkillId":"911030;911031;911032;","Recover":0,"SafeAreaForbidden":1,"Damagable":0,"TotalLevel":70,"CD":0,"Name":"轻功","MixHurtTargets":6,"ID":91103301,"Display":"按空格键施展，最多三段，向鼠标所在方向或键盘按键方向跳跃。#r按住Ctrl点击鼠标左键，可自动轻功寻路到点击位置。#r#Color_SkillTipColor3疾行状态下变为大轻功，不再有跳跃次数上限，同时大轻功节奏条出现，每一跳若能踩到节奏点，可恢复轻功值。#r#Color_SkillTipColor4提升本技能等级，可跳得更远，疾行得更久。","FaceDirectly":1,"Category":2,"Money":4.86,"AllowNoTarget":0,"Target":"Location","Holding":2,"EffectTarget":"None","MoneySum":4.86,"FirePointHeight":100,"HitRate":"ret=1000","GlobalCD":0,"LearnGrade":1,"GoodOrBad":1,"Targets":1,"AttMode":"h","ExperienceSum":60,"DamagePoint2":0,"Range":"11,16,2,2","DPSStatId":0,"SkillScore":"EvaScore2","WhetherSuffer":0,"Status":0,"Level":70,"throughWall":0,"SpeedInfluenced":0,"SkillEvent":"FlyingSkill;NoAtt;ChangePosition;","TargetExceedRangePolicy":0}