{"Break":0,"Holding":1,"LearnType":"LearnType2","MouseShortcut":["0","1","0","0"],"MaxPlayerTargets":1,"Experience":2284.6153842,"CastingPoint":0,"CDInFightStatus":0,"SkillCalculate":2.115384615,"AnimationDuration":0,"LearnGrade":22,"SafeAreaForbidden":1,"Level":70,"TotalLevel":70,"CD":29.8,"Name":"梦隐","MixHurtTargets":6,"ID":91100301,"Display":"#Color_SkillTipColor7解除自身的负面效果并进入隐身,获得加速,减少受到的伤害。#r#Color_SkillTipColor2隐身：受到攻击或进行攻击会失去隐身和加速效果。#r#Color_SkillTipColor3无尽刃：释放立即获得一个无尽刃。#r#Color_SkillTipColor2连击起手：可以触发其他技能的连击效果。\n\n#c88d7ff【进阶】9级时获得#r#cffc20c隐忍：碎梦在此期间获得伤害减免","Range":"0,0,2,2","Category":2,"GoodOrBad":1,"ConsumeResource":"Pow,50","DamagePoint2":0,"AllowNoTarget":0,"Target":"None","SkillScore":"EvaScore3","EffectTarget":"Self","MoneySum":185.0538461202,"ComboSkill":911008,"HitRate":"ret=1000","GlobalCD":0,"Recover":0,"MaxAngle":360,"Damagable":0,"AttMode":"h","ExperienceSum":2284.6153842,"Money":185.0538461202,"Status":0,"DPSStatId":0,"WhetherSuffer":0,"Targets":1,"ComboInRecover":"0.3;4;921010,921020,921030,921040,911040,911110,921070,911140,921050,911020,911130,911080,911090,911070,911240,911120,911001,911100,921100,911003,961205,911080,911250;","FaceDirectly":1,"throughWall":0,"SpeedInfluenced":0,"SkillEvent":"NoAtt;CastDuringControlled;","TargetExceedRangePolicy":0}