{"Break":0,"Holding":1,"LearnType":"LearnType2","Requirement":"0,1;","MaxPlayerTargets":1,"Experience":3553.8461532,"CastingPoint":0,"CDInFightStatus":0,"Condition":"ret,ret2=(a:GetCpInt()>0),\"SKILL_CONDITION_NOT_ENOUGH_CP\"","AnimationDuration":0,"LearnGrade":34,"SafeAreaForbidden":0,"Damagable":1,"TotalLevel":70,"CD":10,"Name":"无尽·绝","NewActionsDamagePoint":[1.4],"NewActionsScope":"line;self;6,4,1;5,5;","Display":"#Color_SkillTipColor5耗费全部无尽刃#r#Color_SkillTipColor7碎梦拔刀，目标位置内大量寒光剑气交错，造成伤害。#r消耗的无尽刃越多，伤害越高。#r#Color_SkillTipColor2连击起手：可以触发其他技能的连击效果。#r连击效果：出招更快。\n\n#c88d7ff【进阶】9级时获得#r#cffc20c逐风：技能整体伤害提升15.1%","FaceDirectly":1,"Level":70,"GoodOrBad":-1,"SkillCalculate":2.115384615,"Category":1,"Recover":1.2,"Money":287.8615384092,"MaxAngle":0,"SkillScore":"EvaScore3","Target":"Location","ID":91107001,"EffectTarget":"None","MoneySum":287.8615384092,"ComboSkill":911071,"HitRate":"ret=1000","GlobalCD":0,"MouseShortcut":["0","1","0","0"],"MixHurtTargets":6,"ExperienceSum":3553.8461532,"AttMode":"p","Targets":1,"Range":"1,15,8,3","AllowNoTarget":0,"DPSStatId":0,"Status":0,"WhetherSuffer":0,"ComboInRecover":"0.8;1.7;921010,921020,921030,921040,911040,911110,921070,911140,921050,911020,911130,911080,911090,911070,911240,911120,911001,911100,921100,911003,961205,911080,911250;","FirePointHeight":100,"throughWall":0,"SpeedInfluenced":0,"DamagePoint2":0.5,"TargetExceedRangePolicy":0}