{"Break":0,"Holding":1,"LearnType":"LearnType1","MouseShortcut":["0","1","0","0"],"MaxPlayerTargets":1,"Experience":4717.30769145,"CastingPoint":0,"CDInFightStatus":0,"Condition":"ret,ret2=(a:GetCpInt()>0),\"SKILL_CONDITION_NOT_ENOUGH_CP\"","AnimationDuration":0,"Recover":0.2,"SafeAreaForbidden":0,"Level":70,"TotalLevel":70,"CD":25,"Name":"无尽·灭","DamagePoint2":0,"ID":91100101,"Display":"#Color_SkillTipColor5耗费全部无尽刃#r#Color_SkillTipColor7碎梦冲向选中目标，对目标造成一次伤害并在其周围生成3个影。#r影会继承碎梦的属性，消耗的无尽刃越多，伤害会越高，影子的属性也越强。#r#Color_SkillTipColor2影会模仿碎梦使用技能。#r#Color_SkillTipColor2连击起手：可以触发其他技能的连击效果。#r连击效果：出招更快。\n\n#c88d7ff【进阶】9级时获得#r#Color_HighlightYellow惊鸿：攻击射程提升3，更容易抓住机会攻击敌人#r#cffc20c逐风：技能整体伤害提升15.1%","FaceDirectly":1,"Category":1,"Money":382.10192300745,"SkillCalculate":2.115384615,"SkillScore":"EvaScore3","Target":"Enemy","GoodOrBad":-1,"EffectTarget":"Self","MoneySum":382.10192300745,"ComboSkill":911005,"HitRate":"ret=1000","GlobalCD":0,"LearnGrade":45,"Damagable":1,"MaxAngle":0,"AttMode":"h","ExperienceSum":4717.30769145,"Targets":1,"AllowNoTarget":0,"DPSStatId":0,"Status":0,"WhetherSuffer":0,"ComboInRecover":"0.5;1.3;921010,921020,921030,921040,911040,911110,921070,911140,921050,911020,911130,911080,911090,911070,911240,911120,911001,911100,921100,911003,961205,911080,911250;","Range":"0,12,5,5","throughWall":0,"SpeedInfluenced":0,"MixHurtTargets":6,"TargetExceedRangePolicy":0}