{"Break":0,"Holding":1,"LearnType":"LearnType2","Requirement":"0,1;","MaxPlayerTargets":1,"Experience":169.2307692,"CastingPoint":0,"CDInFightStatus":0,"Condition":"ret,ret2=(a:GetCpInt()>0),\"SKILL_CONDITION_NOT_ENOUGH_CP\"","AnimationDuration":0,"Recover":0.8,"SafeAreaForbidden":0,"Damagable":1,"TotalLevel":70,"CD":8,"Name":"断肠","DamagePoint2":0.46,"ID":91114001,"Display":"#Color_SkillTipColor5耗费全部无尽刃#r#Color_SkillTipColor7对目标敌人砍出一刀，造成一次高伤害并撕裂伤口，在数秒内造成流血伤害，并附带#Color_SkillTipColor5重创#Color_Default效果。#r消耗无尽刃越多伤害越高。#r#Color_SkillTipColor2连击起手：可以触发其他技能的连击效果。#r连击效果：出招更快。\n\n#c88d7ff【进阶】9级时获得#r#cffc20c逐风：技能整体伤害提升15.1%","FaceDirectly":1,"Category":1,"SkillCalculate":2.115384615,"Money":13.7076923052,"FirePointHeight":100,"SkillScore":"EvaScore3","Target":"Enemy","GoodOrBad":-1,"EffectTarget":"Enemy","MoneySum":13.7076923052,"ComboSkill":911141,"LearnGrade":2,"GlobalCD":0,"MaxAngle":0,"AllowNoTarget":1,"MixHurtTargets":6,"AttMode":"p","Targets":1,"Range":"0,7,4,4","Status":0,"DPSStatId":0,"WhetherSuffer":0,"ExperienceSum":169.2307692,"ComboInRecover":"0.5;1.3;921010,921020,921030,921040,911040,911110,921070,911140,921050,911020,911130,911080,911090,911070,911240,911120,911001,911100,921100,911003,961205,911080,911250;","MouseShortcut":["1","1","0","0"],"throughWall":0,"SpeedInfluenced":0,"Level":70,"TargetExceedRangePolicy":0}