{"Break":0,"Holding":1,"LearnType":"LearnType1","MouseShortcut":["0","1","0","0"],"MaxPlayerTargets":1,"Experience":4505.76922995,"CastingPoint":0,"CDInFightStatus":0,"SkillCalculate":2.115384615,"AnimationDuration":0,"LearnGrade":43,"FirePointHeight":100,"Level":70,"TotalLevel":70,"CD":20,"Name":"影摄魂","MixHurtTargets":6,"ID":91113001,"Display":"#Color_SkillTipColor7碎梦在鼠标位置生成一个影，影生成瞬间会对周围小范围敌人造成伤害并附带#Color_SkillTipColor5重创#Color_Default效果和减速效果。#r#Color_SkillTipColor3无尽刃：击中敌人获得一个无尽刃。#r#Color_SkillTipColor2影子继承碎梦属性，会模仿碎梦使用技能。#r#Color_SkillTipColor2连击起手：可以触发其他技能的连击效果。#r连击效果：出招更快。\n\n#c88d7ff【进阶】9级时获得#r#Color_HighlightYellow醉梦：影生成瞬间会对敌人造成伤害并附带重创效果和减速效果#r#cffc20c逐风：技能整体伤害提升15.1%","FaceDirectly":1,"Category":1,"Money":364.96730762595,"Damagable":1,"SkillScore":"EvaScore3","Target":"Location","SafeAreaForbidden":0,"EffectTarget":"Self","MoneySum":364.96730762595,"ComboSkill":911131,"HitRate":"ret=1000","GlobalCD":0,"GoodOrBad":-1,"Recover":1,"Range":"0,20,8,3","AttMode":"h","Targets":1,"AllowNoTarget":0,"Status":0,"DPSStatId":0,"WhetherSuffer":0,"MaxAngle":0,"ComboInRecover":"0.7;1.5;921010,921020,921030,921040,911040,911110,921070,911140,921050,911020,911130,911080,911090,911070,911240,911120,911001,911100,921100,911003,961205,911080,911250;","ExperienceSum":4505.76922995,"throughWall":0,"SpeedInfluenced":0,"DamagePoint2":0.4,"TargetExceedRangePolicy":0}