{"Break":0,"Channel2":"2;0.9;0.3;","Holding":2,"LearnType":"LearnType2","Requirement":"0,1;","MaxPlayerTargets":1,"Experience":4696.15384604,"CastingPoint":0,"CDInFightStatus":0,"SkillCalculate":3.173076923,"AnimationDuration":0,"LearnGrade":30,"SafeAreaForbidden":0,"Level":70,"TotalLevel":70,"CD":6,"Name":"十击","DamagePoint2":0,"ID":91112001,"Display":"拔刀旋身，对周身敌人造成数次攻击。#r#Color_SkillTipColor2在释放过程中可以移动。#r#Color_SkillTipColor3无尽刃：击中敌人获得一个无尽刃。#r#Color_SkillTipColor2连击起手：可以触发其他技能的连击效果。#r连击效果：出招更快。\n\n#c88d7ff【进阶】9级时获得#r#cffc20c断情：技能会心提升200（约15.2%）#r#cffc20c逐风：技能整体伤害提升15.1%","Range":"0,0,2,2","MouseShortcut":["1","1","0","0"],"GoodOrBad":-1,"Recover":0,"Category":1,"FirePointHeight":100,"Money":380.38846152924,"NewActionsDamagePoint":[0.9],"SkillScore":"EvaScore4","Target":"None","Damagable":1,"EffectTarget":"Self","MoneySum":380.38846152924,"ComboSkill":911121,"HitRate":"ret=1000","GlobalCD":0,"MixHurtTargets":6,"NewActionsScope":"area;self;5;3,3;0;","ExperienceSum":4696.15384604,"FakeRecover":"SuiMengRecover;0.4;","Targets":1,"AllowNoTarget":0,"Status":0,"DPSStatId":0,"AttMode":"h","WhetherSuffer":0,"ComboInRecover":"0.7;1.6;921010,921020,921030,921040,911040,911110,921070,911140,921050,911020,911130,911080,911090,911070,911240,911120,911001,911100,921100,911003,961205,911080,911250;","FaceDirectly":1,"throughWall":0,"SpeedInfluenced":0,"MaxAngle":0,"TargetExceedRangePolicy":0}