{"Break":0,"Holding":1,"LearnType":"LearnType2","HavokPathId":"47900076;false;","MaxPlayerTargets":20,"Experience":2284.6153842,"CastingPoint":0,"CDInFightStatus":0,"SkillCalculate":2.115384615,"AnimationDuration":0,"LearnGrade":22,"SafeAreaForbidden":0,"Level":70,"TotalLevel":70,"CD":12,"Name":"力劈","MixHurtTargets":6,"ID":91219001,"Display":"奋力跃起劈向目标点，砸下后聚拢周围敌人，造成伤害和减速。","FaceDirectly":1,"Category":1,"Money":185.0538461202,"SkillScore":"EvaScore3","Target":"Location","MaxAngle":0,"EffectTarget":"None","MoneySum":185.0538461202,"Damagable":1,"GoodOrBad":-1,"GlobalCD":0,"FirePointHeight":100,"MouseShortcut":["0","1","0","1"],"DamagePoint2":0,"AttMode":"p","ExperienceSum":2284.6153842,"Range":"0,15,10,10","Status":0,"DPSStatId":0,"Targets":100,"WhetherSuffer":0,"FakeRecover":"TYSkillStatus;0.05;","Recover":0.7,"throughWall":0,"SpeedInfluenced":0,"SkillEvent":"NoAtt;TieYiRecoverCast;","TargetExceedRangePolicy":0}