{"Break":0,"Holding":1,"LearnType":"LearnType1","MouseShortcut":["0","1","0","1"],"MaxPlayerTargets":20,"Experience":4928.84615295,"CastingPoint":0,"CDInFightStatus":0,"SkillCalculate":2.115384615,"AnimationDuration":0,"Recover":1.05,"SafeAreaForbidden":1,"Level":70,"TotalLevel":70,"CD":20,"Name":"金刚","MixHurtTargets":6,"ID":91222001,"Display":"提升自己和周围队友的防御和抗性，持续30分钟。释放后增加怒气。","FaceDirectly":1,"Scope":"area;self;15;2,2;0;","Category":1,"Money":399.23653838895,"SkillScore":"EvaScore3","Target":"None","EffectTarget":"TeamAndSelf","MoneySum":399.23653838895,"LearnGrade":47,"GoodOrBad":1,"GlobalCD":0,"DamagePoint2":0.73,"FirePointHeight":100,"MaxAngle":0,"AttMode":"h","ExperienceSum":4928.84615295,"Range":"0,15,-1,-1","Status":0,"DPSStatId":0,"WhetherSuffer":0,"FakeRecover":"TYSkillStatus;0.15;","Targets":100,"Damagable":1,"throughWall":0,"SpeedInfluenced":0,"SkillEvent":"NoAtt;TieYiRecoverCast;","TargetExceedRangePolicy":0}