{"Break":0,"Holding":1,"LearnType":"LearnType2","HavokPathId":"47900078;false;","MaxPlayerTargets":3,"Experience":3553.8461532,"CastingPoint":0,"CDInFightStatus":0,"SkillCalculate":2.115384615,"AnimationDuration":0,"Recover":0.65,"FirePointHeight":100,"GoodOrBad":-1,"TotalLevel":70,"CD":12,"Name":"擒龙","MixHurtTargets":6,"HavokPathNoZoom":"1","ID":91228501,"Display":"短暂蓄力后，将前方扇形范围内的敌人抓至身前，嘲讽并定身怪物（对玩家减速）。","FaceDirectly":1,"Scope":"union(fan;self;4,60;2,4;|fan;self;13,30;2,4;)","Category":1,"Money":287.8615384092,"SafeAreaForbidden":0,"SkillScore":"EvaScore3","Target":"Direction","Level":70,"EffectTarget":"Enemy","MoneySum":287.8615384092,"LearnGrade":34,"HitRate":"ret=1000","GlobalCD":0,"MaxAngle":0,"MouseShortcut":["0","1","0","1"],"DamagePoint2":0.5,"AttMode":"p","Targets":50,"Range":"0,10,-1,-1","Status":0,"DPSStatId":0,"FakeRecover":"TYSkillStatus;0.15;","WhetherSuffer":0,"ExperienceSum":3553.8461532,"Damagable":1,"throughWall":0,"SpeedInfluenced":0,"SkillEvent":"NoAtt;TieYiRecoverCast;","TargetExceedRangePolicy":0}