{"Break":0,"Holding":2,"LearnType":"LearnType1","MouseShortcut":["0","1","0","1"],"MaxPlayerTargets":20,"Experience":4717.30769145,"CastingPoint":0,"CDInFightStatus":0,"SkillCalculate":2.115384615,"AnimationDuration":0,"Recover":0.3,"SafeAreaForbidden":0,"Level":70,"TotalLevel":70,"CD":20,"Name":"疾风","MixHurtTargets":6,"ID":91237001,"Display":"解除自身所有被控制效果，击退周围敌人，造成伤害，在接下来增加几秒内内免疫一切控制并增加移动速度。","FaceDirectly":1,"Scope":"area;self;3;2,2;0;","Category":1,"Money":382.10192300745,"SkillScore":"EvaScore3","Target":"None","EffectTarget":"Enemy","MoneySum":382.10192300745,"MaxAngle":0,"GlobalCD":0,"LearnGrade":45,"GoodOrBad":-1,"FirePointHeight":100,"AttMode":"p","ExperienceSum":4717.30769145,"DamagePoint2":0,"Range":"0,15,-1,-1","DPSStatId":0,"Status":0,"WhetherSuffer":0,"Targets":100,"Damagable":1,"throughWall":0,"SpeedInfluenced":0,"SkillEvent":"NoAtt;CastDuringControlled;","TargetExceedRangePolicy":0}