{"Break":0,"Holding":1,"LearnType":"LearnType2","MouseShortcut":["0","1","0","1"],"MaxPlayerTargets":20,"Experience":4188.4615377,"CastingPoint":0,"CDInFightStatus":0,"SkillCalculate":2.115384615,"AnimationDuration":0,"Recover":0.85,"SafeAreaForbidden":0,"Level":70,"TotalLevel":70,"CD":12,"Name":"狮吼","MixHurtTargets":6,"ID":91231001,"Display":"清啸之下，犹如迅雷疾泻，声闻数里，令敌肝胆俱裂。嘲讽并聚拢敌人8丈范围内的敌人，降低其攻击力，随机驱散其一个的有益状态。","FaceDirectly":1,"Scope":"area;self;8;2,2;0;","Category":1,"Money":339.2653845537,"SkillScore":"EvaScore3","Target":"None","EffectTarget":"Enemy","MoneySum":339.2653845537,"LearnGrade":40,"GoodOrBad":-1,"GlobalCD":0,"DamagePoint2":0.36,"FirePointHeight":100,"MaxAngle":0,"AttMode":"p","ExperienceSum":4188.4615377,"Range":"0,8,-1,-1","Status":0,"DPSStatId":0,"WhetherSuffer":0,"FakeRecover":"TYSkillStatus;0.15;","Targets":100,"Damagable":0,"throughWall":0,"SpeedInfluenced":0,"SkillEvent":"NoAtt;TieYiRecoverCast;","TargetExceedRangePolicy":0}