{"Break":0,"Holding":1,"LearnType":"LearnType1","MouseShortcut":["0","1","0","0"],"MaxPlayerTargets":20,"Experience":4542.59259251,"CastingPoint":0,"CDInFightStatus":0,"SkillCalculate":2.037037037,"AnimationDuration":0,"Recover":0.23,"FirePointHeight":100,"GoodOrBad":1,"TotalLevel":70,"CD":23.75,"Name":"定魂","DamagePoint2":0,"ID":91404001,"Display":"#Color_SkillTipColor7血河解除所有控制效果，并在#Color_SkillTipColor43.4#Color_Default秒内免疫控制。#r#n#Color_SkillTipColor2被动：血河在被控制的情况下（定身，眩晕等）受到的伤害降低。","Range":"0,10,2,2","MaxAngle":360,"Category":1,"LearnGrade":45,"Money":367.94999999331,"SafeAreaForbidden":1,"SkillScore":"EvaScore3","Target":"None","QueryTargetAtClient":1,"EffectTarget":"Self","MoneySum":367.94999999331,"Damagable":1,"HitRate":"ret=1000","GlobalCD":0,"FaceDirectly":1,"SetCDWhenInterrupt":"-1","MixHurtTargets":7,"AttMode":"h","Status":0,"WhetherSuffer":0,"OnMoveToHotBuff":"64038601","DPSStatId":0,"ExperienceSum":4542.59259251,"Targets":20,"Level":70,"IgnoreInterruptChannel":0,"throughWall":0,"SpeedInfluenced":0,"SkillEvent":"NoAtt;CastDuringControlled;","TargetExceedRangePolicy":0}