{"Break":0,"Holding":2,"LearnType":"LearnType1","MouseShortcut":["0"],"MaxPlayerTargets":1,"Experience":2505.55555551,"CastingPoint":0,"CDInFightStatus":0,"SkillCalculate":2.037037037,"AnimationDuration":0,"Recover":0,"SafeAreaForbidden":0,"Damagable":0,"TotalLevel":70,"CD":1,"Name":"天伤","MixHurtTargets":7,"ID":91400101,"FaceDirectly":0,"Category":2,"Money":202.94999999631,"SkillScore":"EvaScore3","Target":"None","EffectTarget":"Self","MoneySum":202.94999999631,"ExperienceSum":2505.55555551,"GlobalCD":0,"LearnGrade":25,"GoodOrBad":0,"FirePointHeight":100,"AttMode":"h","WhetherSuffer":0,"MaxAngle":360,"DamagePoint2":0,"DPSStatId":0,"Status":0,"Level":70,"Targets":1,"IgnoreInterruptChannel":0,"throughWall":0,"SpeedInfluenced":0,"SkillEvent":"NoAtt;XueHeRongYuan;NoClientMotion;","TargetExceedRangePolicy":0}