{"Break":0,"Holding":2,"LearnType":"LearnType2","MouseShortcut":["0","1","0","0"],"MaxPlayerTargets":1,"Experience":5662.96296286,"CastingPoint":0,"CDInFightStatus":0,"SkillCalculate":2.037037037,"AnimationDuration":0,"LearnGrade":56,"SafeAreaForbidden":0,"GoodOrBad":-1,"TotalLevel":70,"CD":15,"Name":"熔渊霸气","MixHurtTargets":7,"ID":91401001,"Display":"持续对周围敌人造成伤害并减速。","FaceDirectly":0,"Category":2,"Money":458.69999999166,"SkillScore":"EvaScore3","Target":"None","Recover":0,"EffectTarget":"None","MoneySum":458.69999999166,"Damagable":1,"HitRate":"ret=1000","GlobalCD":0,"DamagePoint2":0,"FirePointHeight":100,"MaxAngle":360,"AttMode":"h","ExperienceSum":5662.96296286,"Status":0,"Range":"0,3,2,2","DPSStatId":0,"Targets":1,"WhetherSuffer":0,"Level":70,"IgnoreInterruptChannel":1,"throughWall":0,"SpeedInfluenced":0,"SkillEvent":"NoAtt;XueHeRongYuan;NoClientMotion;","TargetExceedRangePolicy":0}