{"Break":0,"Holding":1,"LearnType":"LearnType2","HavokPathId":"47900064;false;","MaxPlayerTargets":20,"Experience":2688.88888928,"CastingPoint":0,"CDInFightStatus":0,"SkillCalculate":3.055555556,"AnimationDuration":0,"Recover":2.2,"SafeAreaForbidden":0,"GoodOrBad":-1,"TotalLevel":70,"CD":15,"Name":"红莲咆哮戟","NewActionsDamagePoint":[1.5],"NewActionsScope":"fan;self;5,60;2,3;","Display":"#Color_SkillTipColor7挥舞手中的长枪，对前方敌人造成三段伤害。结束时打出三条烈焰之径，造成伤害，并附带#Color_SkillTipColor5重创#Color_Default效果。","FaceDirectly":1,"Scope":"fan;self;5,60;2,3;","MaxAngle":360,"LearnGrade":18,"Category":1,"FirePointHeight":100,"Money":217.80000003168,"Damagable":1,"SkillScore":"EvaScore4","Target":"Direction","Requirement":"0,4;","EffectTarget":"Self","MoneySum":217.80000003168,"MouseShortcut":["1","1","0","0"],"HitRate":"ret=1000","GlobalCD":0,"Level":70,"ID":91410001,"ExperienceSum":2688.88888928,"AttMode":"h","Targets":30,"Status":0,"DamagePoint2":0,"DPSStatId":0,"Range":"0,5,2,2","QueryTargetAtClient":1,"WhetherSuffer":0,"IgnoreInterruptChannel":0,"throughWall":0,"SpeedInfluenced":0,"MixHurtTargets":7,"TargetExceedRangePolicy":0}