{"Break":0,"Holding":1,"LearnType":"LearnType2","MouseShortcut":["0","1","0","0"],"MaxPlayerTargets":1,"Experience":4033.33333326,"CastingPoint":0,"CDInFightStatus":0,"SkillCalculate":2.037037037,"AnimationDuration":0,"LearnGrade":40,"SafeAreaForbidden":0,"GoodOrBad":-1,"TotalLevel":70,"CD":15.833333333333,"Name":"枪笼","MixHurtTargets":7,"ID":91425001,"Display":"#Color_SkillTipColor7选中目标，对目标造成伤害和定身，并附带#Color_SkillTipColor5重创#Color_Default效果。","FaceDirectly":1,"Category":1,"Money":326.69999999406,"SkillScore":"EvaScore3","Target":"Enemy","EffectTarget":"Enemy","MoneySum":326.69999999406,"ExperienceSum":4033.33333326,"GlobalCD":0,"FirePointHeight":100,"Recover":0.3,"Targets":1,"AttMode":"p","Status":0,"MaxAngle":360,"DamagePoint2":0.3,"DPSStatId":0,"Range":"0,15,4,4","Level":70,"WhetherSuffer":0,"IgnoreInterruptChannel":0,"throughWall":0,"SpeedInfluenced":0,"Damagable":1,"TargetExceedRangePolicy":0}