{"Break":0,"MaxAngle":360,"LearnType":"LearnType1","MouseShortcut":["0","1","0","0"],"MaxPlayerTargets":1,"Experience":4949.99999991,"CastingPoint":0,"CDInFightStatus":0,"SkillCalculate":2.037037037,"AnimationDuration":0,"LearnGrade":49,"SafeAreaForbidden":0,"GoodOrBad":-1,"TotalLevel":70,"CD":0,"Name":"铁骑","MixHurtTargets":7,"ID":91429001,"Display":"血河骑上战马进行作战。#r上马后移动速度会增加。#r#Color_SkillTipColor2在铁骑状态下，可以使用刺挑扫追四招枪法的马战版本。#r#Color_SkillTipColor2再次使用技能或受到强控会下马，下马后技能进入#Color_SkillTipColor415#Color_SkillTipColor2秒冷却。","FaceDirectly":1,"Category":2,"Money":400.94999999271,"Holding":1,"SkillScore":"EvaScore3","Target":"None","Recover":0,"EffectTarget":"Self","MoneySum":400.94999999271,"Damagable":1,"HitRate":"ret=1000","GlobalCD":0,"FirePointHeight":100,"DamagePoint2":0,"Range":"0,3,2,2","AttMode":"h","ExperienceSum":4949.99999991,"Status":0,"Targets":1,"DPSStatId":0,"QueryTargetAtClient":1,"WhetherSuffer":0,"Level":70,"IgnoreInterruptChannel":0,"throughWall":0,"SpeedInfluenced":0,"SkillEvent":"NoAtt;CallBattleVehicle;","TargetExceedRangePolicy":0}