{"Break":0,"Holding":1,"LearnType":"LearnType1","HavokPathId":"47900319;true;","MaxPlayerTargets":30,"Experience":5561.11111101,"CastingPoint":0,"CDInFightStatus":0,"SkillCalculate":2.037037037,"AnimationDuration":0,"Recover":1,"SafeAreaForbidden":0,"Damagable":1,"TotalLevel":70,"CD":16,"Name":"崩龙腿","MixHurtTargets":7,"ID":91437001,"Display":"血河高高跃起，踢向目标方向，被踢中的敌人会受到伤害和减速。","FaceDirectly":1,"Scope":"area;self;4;4,4;0;","Category":1,"Money":450.44999999181,"SkillScore":"EvaScore3","Target":"Location","MaxAngle":360,"EffectTarget":"Enemy","MoneySum":450.44999999181,"GoodOrBad":0,"FirePointHeight":100,"GlobalCD":0,"LearnGrade":55,"MouseShortcut":["0","1","0","0"],"DamagePoint2":0.68,"AttMode":"p","Status":0,"Range":"4,18,4,4","Targets":30,"DPSStatId":0,"WhetherSuffer":0,"Level":70,"ExperienceSum":5561.11111101,"IgnoreInterruptChannel":0,"throughWall":0,"SpeedInfluenced":0,"SkillEvent":"ChangePosition","TargetExceedRangePolicy":0}