{"Break":0,"Holding":1,"LearnType":"LearnType1","Requirement":"0,4;","MaxPlayerTargets":1,"Experience":6202.77777868,"CastingPoint":0,"CDInFightStatus":0,"SkillCalculate":3.055555556,"AnimationDuration":0,"StepSkillId":"914341;914342;","Recover":0,"FirePointHeight":100,"Level":70,"TotalLevel":70,"CD":10,"Name":"凌云跃","QueryTargetAtClient":1,"ID":91434001,"Display":"#Color_SkillTipColor7向目标方向踢出气劲，标记第一个命中的敌人，如果命中，血河可对其释放“步似凌云”。#r#Color_SkillTipColor4步似凌云#Color_Default：8秒内，再次按下按键，血河跃至目标身边并对其造成伤害和眩晕。","FaceDirectly":1,"Category":2,"Money":502.42500007308,"MouseShortcut":["0","1","0","0"],"SkillScore":"EvaScore4","Target":"Direction","MaxAngle":360,"EffectTarget":"Self","MoneySum":502.42500007308,"SafeAreaForbidden":0,"HitRate":"ret=1000","GlobalCD":0,"GoodOrBad":0,"WhetherSuffer":0,"Targets":1,"AttMode":"h","Status":0,"DamagePoint2":0,"Range":"0,20,-1,-1","DPSStatId":0,"Damagable":1,"MixHurtTargets":7,"ExperienceSum":6202.77777868,"IgnoreInterruptChannel":0,"throughWall":0,"SpeedInfluenced":0,"LearnGrade":41,"TargetExceedRangePolicy":0}