{"Break":0,"Holding":1,"Requirement":"0,4;","MaxPlayerTargets":1,"Experience":0,"CastingPoint":0,"CDInFightStatus":0,"SkillCalculate":0,"AnimationDuration":0,"Recover":0,"SafeAreaForbidden":0,"GoodOrBad":0,"TotalLevel":70,"CD":10,"Name":"凌云跃·第一段","DamagePoint2":0,"ID":91434101,"Display":"#Color_SkillTipColor7向目标方向踢出气劲，标记第一个命中的敌人，如果命中，血河可对其释放“步似凌云”。#r#Color_SkillTipColor4步似凌云#Color_Default：8秒内，再次按下按键，血河跃至目标身边并对其造成伤害和眩晕。","Range":"0,16,-1,-1","Category":1,"Money":0,"MainSkillId":914340,"FirePointHeight":100,"Target":"Direction","MaxAngle":360,"EffectTarget":"None","MoneySum":0,"MixHurtTargets":7,"HitRate":"ret=1000","GlobalCD":0,"MouseShortcut":["0","1","0","0"],"Status":0,"Level":70,"FakeRecover":"MoveRecover;0.35;","ExperienceSum":0,"WhetherSuffer":0,"QueryTargetAtClient":1,"DPSStatId":914340,"AttMode":"h","Targets":1,"FaceDirectly":1,"IgnoreInterruptChannel":0,"throughWall":0,"SpeedInfluenced":0,"Damagable":0,"TargetExceedRangePolicy":0}