{"Break":0,"Holding":1,"Requirement":"0,4;","MaxPlayerTargets":1,"Experience":0,"CastingPoint":0,"CDInFightStatus":0,"SkillCalculate":0,"AnimationDuration":0,"Recover":0,"SafeAreaForbidden":0,"GoodOrBad":-1,"TotalLevel":70,"CD":10,"Name":"凌云跃·第二段","DamagePoint2":0,"ID":91434201,"Display":"#Color_SkillTipColor4步似凌云#Color_Default：8秒内，按下按键，血河跃至目标身边并对其造成伤害和眩晕。","FaceDirectly":1,"Category":1,"Money":0,"MainSkillId":914340,"Condition":"ret = a.LoadObject(\"LingYunYueBulletTargetId\") ~= nil","Target":"None","Status":0,"EffectTarget":"None","MoneySum":0,"Damagable":0,"HitRate":"ret=1000","GlobalCD":0,"MaxAngle":0,"MouseShortcut":["0","1","0","0"],"Level":70,"AttMode":"h","ExperienceSum":0,"WhetherSuffer":0,"QueryTargetAtClient":1,"DPSStatId":914340,"Targets":1,"Range":"0,20,-1,-1","MixHurtTargets":7,"IgnoreInterruptChannel":0,"throughWall":0,"SpeedInfluenced":0,"FirePointHeight":100,"TargetExceedRangePolicy":0}