{"Break":0,"Holding":1,"MouseShortcut":["0"],"MaxPlayerTargets":1,"Experience":0,"CastingPoint":0,"CDInFightStatus":0,"SkillCalculate":0,"AnimationDuration":0,"Recover":1.5,"SafeAreaForbidden":0,"GoodOrBad":-1,"TotalLevel":70,"CD":0,"Name":"伏龙归天阵","MixHurtTargets":7,"ID":91440001,"Display":"#Color_SkillTipColor7自身周围出现一个巨大枪阵，对区域内敌人造成大范围伤害。#r#Color_SkillTipColor2隔断地形。#r#Color_SkillTipColor4“为了碧血营！”#r","Range":"0,3,2,2","Scope":"fan;self;5,60;2,3;","Category":1,"ConsumeResource":"NiSha,90","Target":"None","EffectTarget":"Self","MoneySum":0,"FirePointHeight":100,"HitRate":"ret=1000","GlobalCD":0,"ExperienceSum":0,"Damagable":1,"Level":70,"AttMode":"h","Status":0,"MaxAngle":360,"FaceDirectly":1,"DPSStatId":0,"Money":0,"Targets":1,"WhetherSuffer":0,"IgnoreInterruptChannel":0,"throughWall":0,"SpeedInfluenced":0,"DamagePoint2":0.7,"TargetExceedRangePolicy":0}