{"Break":0,"MaxAngle":360,"LearnType":"LearnType2","MouseShortcut":["0","1","0","1"],"MaxPlayerTargets":1,"Experience":23840,"CastingPoint":0,"CDInFightStatus":0,"SkillCalculate":8,"AnimationDuration":0,"StepSkillId":"914471;914472;","Recover":0,"SafeAreaForbidden":1,"Level":70,"TotalLevel":70,"CD":1,"Name":"腾龙跃渊","MixHurtTargets":7,"ID":91447001,"Display":"#Color_SkillTipColor7血河跃至半空，并伺机落下，对周围造成伤害。中心区域会受到额外的伤害和击飞效果。","FaceDirectly":1,"Category":1,"ConsumeResource":"NiSha,100","SkillScore":"EvaScore5","Target":"None","EffectTarget":"None","MoneySum":1931.04,"Holding":1,"FirePointHeight":100,"GlobalCD":0,"Damagable":1,"LearnGrade":60,"ExperienceSum":23840,"AttMode":"h","Status":0,"DamagePoint2":0,"Range":"0,20,-1,-1","DPSStatId":0,"Money":1931.04,"Targets":1,"WhetherSuffer":0,"IgnoreInterruptChannel":0,"throughWall":0,"SpeedInfluenced":0,"GoodOrBad":1,"TargetExceedRangePolicy":0}