{"Break":0,"Holding":1,"MouseShortcut":["0","1","0","1"],"MaxPlayerTargets":1,"Experience":0,"CastingPoint":0,"CDInFightStatus":0,"SkillCalculate":0,"SkillCDBelong":914470,"AnimationDuration":0,"Recover":0,"SafeAreaForbidden":0,"Damagable":0,"TotalLevel":70,"CD":0,"Name":"腾龙跃渊·移除Buff","DamagePoint2":0,"ID":91447201,"Display":"#Color_SkillTipColor7从空中落下，对周围造成伤害。中心区域会受到额外的伤害和击飞效果。","FaceDirectly":0,"Category":2,"Money":0,"MainSkillId":914470,"Target":"None","EffectTarget":"Self","MoneySum":0,"FirePointHeight":100,"GlobalCD":0,"GoodOrBad":-1,"ExperienceSum":0,"MixHurtTargets":7,"AttMode":"h","Status":0,"MaxAngle":0,"Level":70,"DPSStatId":914470,"WhetherSuffer":0,"Targets":1,"Range":"0,15,-1,-1","IgnoreInterruptChannel":0,"throughWall":0,"SpeedInfluenced":0,"SkillEvent":"NoAtt;BreakTengLongYueYuan;","TargetExceedRangePolicy":0}