{"Break":0,"MaxAngle":0,"MouseShortcut":["0","1","0","1"],"MaxPlayerTargets":1,"Experience":0,"CastingPoint":0,"CDInFightStatus":0,"SkillCalculate":0,"AnimationDuration":0,"Recover":0.3,"FirePointHeight":100,"Level":70,"TotalLevel":70,"CD":0,"Name":"腾龙跃渊·开始","DamagePoint2":0.3,"ID":91447101,"Display":"#Color_SkillTipColor7血河跃至半空，并伺机落下，对周围造成伤害。中心区域会受到额外的伤害和击飞效果。","Range":"0,15,-1,-1","Category":1,"Money":0,"MainSkillId":914470,"GoodOrBad":-1,"Target":"None","Damagable":0,"EffectTarget":"None","MoneySum":0,"MixHurtTargets":7,"NewActionsDamagePoint":[3],"GlobalCD":0,"NewActionsScope":"area;self;3;3,3;0;","Holding":1,"Targets":1,"AttMode":"h","ExperienceSum":0,"WhetherSuffer":0,"FakeRecover":"TengLongYueYuan;4.5;","DPSStatId":914470,"Status":0,"ConsumeResource":"NiSha,100","FaceDirectly":0,"IgnoreInterruptChannel":0,"throughWall":0,"SpeedInfluenced":0,"SafeAreaForbidden":0,"TargetExceedRangePolicy":0}