{"Break":0,"Holding":1,"LearnType":"LearnType2","MouseShortcut":["0","1","0","1"],"MaxPlayerTargets":1,"Experience":5866.66666656,"CastingPoint":0,"CDInFightStatus":0,"Condition":"ret, ret2 = a:CheckAddXhShieldToOther(d), -1","AnimationDuration":0,"Recover":0.8,"SafeAreaForbidden":1,"GoodOrBad":1,"TotalLevel":70,"CD":50,"Name":"不屈守护","DamagePoint2":0.3,"ID":91456001,"FaceDirectly":1,"Category":1,"Money":475.19999999136,"SkillScore":"EvaScore3","Target":"Friend(exclude)","EffectTarget":"Friend(exclude)","MoneySum":475.19999999136,"SkillCalculate":2.037037037,"Level":70,"GlobalCD":0,"MixHurtTargets":7,"Damagable":1,"FirePointHeight":100,"AttMode":"h","ExperienceSum":5866.66666656,"MaxAngle":30,"Status":0,"DPSStatId":0,"Range":"0,20,-1,-1","Targets":1,"WhetherSuffer":0,"IgnoreInterruptChannel":0,"throughWall":0,"SpeedInfluenced":0,"LearnGrade":58,"TargetExceedRangePolicy":0}