{"Break":0,"Holding":1,"LearnType":"LearnType2","Requirement":"0,4;","MaxPlayerTargets":30,"Experience":162.96296296,"CastingPoint":0,"CDInFightStatus":0,"SkillCalculate":2.037037037,"AnimationDuration":0,"Recover":0.75,"SafeAreaForbidden":0,"GoodOrBad":-1,"TotalLevel":70,"CD":8,"Name":"铁画银钩","MixHurtTargets":7,"ID":91450001,"Display":"#Color_SkillTipColor7快速横扫一圈，对周身敌人造成伤害。#r15秒内再次受到此技能伤害的敌人会承受额外的伤害，最多叠加4次。","FaceDirectly":1,"Scope":"union(fan;self;10,50;3,6;|area;self;1;4,4;0;)","Category":1,"Money":13.19999999976,"MaxAngle":0,"SkillScore":"EvaScore3","Target":"Direction","Level":70,"EffectTarget":"Enemy","MoneySum":13.19999999976,"FirePointHeight":100,"LearnGrade":2,"GlobalCD":0,"MouseShortcut":["1","1","0","0"],"DamagePoint2":0.6,"Range":"0,4,2,2","AttMode":"p","Targets":30,"Status":0,"WhetherSuffer":0,"DPSStatId":0,"OnMoveToHotBuff":"64439301","ExperienceSum":162.96296296,"Damagable":1,"IgnoreInterruptChannel":0,"throughWall":0,"SpeedInfluenced":0,"SkillEvent":"NoAtt;XueHeTieHuaYInGou;","TargetExceedRangePolicy":0}