{"Break":0,"MaxAngle":0,"MouseShortcut":["0","1","0","1"],"MaxPlayerTargets":1,"Experience":0,"CastingPoint":0,"CDInFightStatus":0,"SkillCalculate":0,"AnimationDuration":6,"Recover":0.01,"SafeAreaForbidden":0,"Damagable":0,"TotalLevel":70,"CD":20,"Name":"万夫莫敌·开始","DamagePoint2":0,"ID":91459101,"Display":"血河旋起长枪格挡攻击，在接下来数秒内减少受到的70%伤害，持续2秒。持续时间结束或再次摁下技能，对周围进行终结一击，造成伤害和减速效果。\n如果在持续时间内受到了来自玩家或者boss的攻击，则伤害和减速效果大大增强，最大50%。\n在格挡攻击时血河可以移动。","FaceDirectly":0,"Category":1,"Money":0,"MainSkillId":914590,"Target":"None","EffectTarget":"Self","MoneySum":0,"HitRate":"ret=1000","GlobalCD":0,"FirePointHeight":100,"WhetherSuffer":0,"ExperienceSum":0,"AttMode":"h","Targets":1,"Holding":1,"MixHurtTargets":5,"DPSStatId":914590,"Status":0,"Level":70,"Range":"0,3,2,2","IgnoreInterruptChannel":0,"throughWall":0,"SpeedInfluenced":0,"GoodOrBad":0,"TargetExceedRangePolicy":0}