{"Break":0,"MaxAngle":0,"LearnType":"LearnType1","MouseShortcut":["0","1","0","0"],"MaxPlayerTargets":10,"Experience":4746.29629621,"CastingPoint":0,"CDInFightStatus":0,"SkillCalculate":2.037037037,"AnimationDuration":0,"Recover":0.6,"SafeAreaForbidden":1,"Damagable":1,"TotalLevel":70,"CD":14,"Name":"霸者横栏","MixHurtTargets":7,"ID":91458001,"FaceDirectly":1,"Category":1,"Money":384.44999999301,"SkillScore":"EvaScore3","Target":"Enemy","Holding":1,"EffectTarget":"Enemy","MoneySum":384.44999999301,"Level":70,"HitRate":"ret=1000","GlobalCD":0,"DamagePoint2":0.2,"GoodOrBad":0,"FirePointHeight":100,"AttMode":"p","ExperienceSum":4746.29629621,"Status":0,"Range":"0,12,2,2","DPSStatId":0,"Targets":10,"OnMoveToHotBuff":"64432301","WhetherSuffer":0,"IgnoreInterruptChannel":0,"throughWall":0,"SpeedInfluenced":0,"LearnGrade":47,"TargetExceedRangePolicy":0}