{"Break":0,"MaxAngle":360,"LearnType":"LearnType1","MouseShortcut":["1","1","0","0"],"MaxPlayerTargets":10,"Experience":5357.40740731,"CastingPoint":0,"CDInFightStatus":0,"SkillCalculate":2.037037037,"AnimationDuration":0,"Recover":0.3,"FirePointHeight":100,"Level":70,"TotalLevel":70,"CD":18,"Name":"碧血旗","MixHurtTargets":7,"ID":91452001,"Display":"#Color_SkillTipColor7在目标位置插下一面碧血旗，立即造成伤害和减速。碧血旗存在时持续的给周围队友增加内功防御和外功防御。","FaceDirectly":1,"Scope":"area;target;8;3,3;0;","Category":1,"Money":433.94999999211,"SkillScore":"EvaScore3","Target":"Location","EffectTarget":"TeamAndSelf","MoneySum":433.94999999211,"LearnGrade":53,"HitRate":"ret=1000","GlobalCD":0,"SafeAreaForbidden":0,"GoodOrBad":0,"DamagePoint2":0.2,"AttMode":"h","ExperienceSum":5357.40740731,"Status":0,"Range":"0,15,4,4","DPSStatId":0,"WhetherSuffer":0,"Targets":10,"Holding":1,"IgnoreInterruptChannel":0,"throughWall":0,"SpeedInfluenced":0,"Damagable":0,"TargetExceedRangePolicy":0}