{"Break":0,"MaxAngle":360,"LearnType":"LearnType1","MouseShortcut":["0","1","0","1"],"MaxPlayerTargets":1,"Experience":4338.88888881,"CastingPoint":0,"CDInFightStatus":0,"SkillCalculate":2.037037037,"AnimationDuration":0,"StepSkillId":"914591;914592;","Recover":0,"FirePointHeight":100,"GoodOrBad":1,"TotalLevel":70,"CD":20,"Name":"万夫莫敌","MixHurtTargets":7,"ID":91459001,"Display":"血河旋起长枪格挡攻击，在接下来数秒内减少受到的70%伤害，持续2秒。持续时间结束或再次摁下技能，对周围进行终结一击，造成伤害和减速效果。\n如果在持续时间内受到了来自玩家或者boss的攻击，则伤害和减速效果大大增强，最大50%。\n在格挡攻击时血河可以移动。","FaceDirectly":1,"Category":1,"Money":351.44999999361,"SkillScore":"EvaScore3","Target":"None","EffectTarget":"None","MoneySum":351.44999999361,"SafeAreaForbidden":1,"GlobalCD":0,"LearnGrade":43,"Holding":1,"ExperienceSum":4338.88888881,"AttMode":"h","WhetherSuffer":0,"Damagable":1,"DamagePoint2":0,"DPSStatId":0,"Range":"0,20,-1,-1","Targets":1,"Status":0,"IgnoreInterruptChannel":0,"throughWall":0,"SpeedInfluenced":0,"Level":70,"TargetExceedRangePolicy":0}