{"Break":0,"Holding":1,"LearnType":"LearnType2","MouseShortcut":["0","1","0","0"],"MaxPlayerTargets":30,"Experience":3422.22222216,"CastingPoint":0,"CDInFightStatus":0,"SkillCalculate":2.037037037,"AnimationDuration":0,"Recover":0.35,"SafeAreaForbidden":0,"GoodOrBad":-1,"TotalLevel":70,"CD":12,"Name":"丹心饮意","MixHurtTargets":7,"ID":91460001,"Display":"回血技。\n血河对周围敌人造成伤害并回复一定的血量。回复血量的值根据周围敌人数量增加而变大，击中4人时达到回血量最大值。","FaceDirectly":0,"Scope":"area;self;5;3,3;0;","Category":1,"Money":277.19999999496,"SkillScore":"EvaScore3","Target":"None","EffectTarget":"Enemy","MoneySum":277.19999999496,"MaxAngle":360,"Damagable":1,"GlobalCD":0,"FirePointHeight":100,"DamagePoint2":0.15,"ExperienceSum":3422.22222216,"AttMode":"p","Status":0,"Range":"0,3,2,2","Targets":30,"DPSStatId":0,"SetCDWhenInterrupt":"-1","WhetherSuffer":0,"Level":70,"IgnoreInterruptChannel":0,"throughWall":0,"SpeedInfluenced":0,"LearnGrade":34,"TargetExceedRangePolicy":0}