{"Break":0,"Holding":2,"LearnType":"LearnType2","MouseShortcut":["0","1","0","0"],"MaxPlayerTargets":1,"Experience":2199.99999996,"CastingPoint":0,"CDInFightStatus":0,"SkillCalculate":2.037037037,"AnimationDuration":0,"LearnGrade":22,"SafeAreaForbidden":1,"Damagable":1,"TotalLevel":70,"CD":25,"Name":"烈焰枪","MixHurtTargets":7,"ID":91461001,"Display":"#Color_SkillTipColor7增加血河自身的外功攻击。","FaceDirectly":0,"Category":2,"Money":178.19999999676,"Requirement":"0,4;","SkillScore":"EvaScore3","Target":"None","MaxAngle":360,"EffectTarget":"Self","MoneySum":178.19999999676,"FirePointHeight":100,"HitRate":"ret=1000","GlobalCD":0,"Recover":0,"GoodOrBad":1,"DamagePoint2":0,"AttMode":"h","ExperienceSum":2199.99999996,"Status":0,"Range":"0,3,2,2","DPSStatId":0,"Targets":1,"WhetherSuffer":0,"Level":70,"IgnoreInterruptChannel":1,"throughWall":0,"SpeedInfluenced":0,"SkillEvent":"NoAtt;XueHeRongYuan;NoClientMotion;","TargetExceedRangePolicy":0}