{"Break":0,"Holding":1,"LearnType":"LearnType1","MouseShortcut":["0","1","0","1"],"MaxPlayerTargets":1,"Experience":4505.76922995,"CastingPoint":0,"CDInFightStatus":0,"SkillCalculate":2.115384615,"AnimationDuration":0,"StepSkillId":"915135;915140","LearnGrade":43,"FirePointHeight":100,"Level":70,"TotalLevel":70,"CD":30,"Name":"碧涧流泉","MixHurtTargets":7,"ID":91513001,"Display":"#n#Color_SkillTipColor4第一段#n#Color_SkillTipColor7：快速弹奏射出音波攻击前方敌人，期间增加移动速度。#r#n#Color_SkillTipColor4第二段：#n#Color_SkillTipColor7后跳并向前方射出扇形音波，造成伤害和减速。","FaceDirectly":1,"Category":2,"Money":364.96730762595,"SkillScore":"EvaScore3","Target":"Direction","EffectTarget":"None","MoneySum":364.96730762595,"Recover":0,"GlobalCD":0,"MaxAngle":0,"Requirement":"0,5;","ExperienceSum":4505.76922995,"AttMode":"m","Targets":1,"SafeAreaForbidden":0,"GoodOrBad":-1,"DPSStatId":0,"DamagePoint2":0,"Range":"0,15,-1,-1","WhetherSuffer":0,"Status":0,"throughWall":0,"SpeedInfluenced":0,"Damagable":1,"TargetExceedRangePolicy":0}