{"Break":0,"Holding":1,"LearnType":"LearnType2","Requirement":"0,5;","MaxPlayerTargets":15,"Experience":6092.3076912,"CastingPoint":0,"CDInFightStatus":0,"SkillCalculate":2.115384615,"AnimationDuration":0,"Recover":0.55,"FirePointHeight":100,"GoodOrBad":-1,"TotalLevel":70,"CD":30,"Name":"流风回雪","MixHurtTargets":7,"ID":91519001,"Display":"#n#Color_SkillTipColor7在人物身前产生一道长10格，高6格的风墙，对靠近的敌方角色造成伤害。#r#n#Color_SkillTipColor4风墙能反射一定数量的敌方子弹，并增强穿过友方子弹的伤害效果。","FaceDirectly":1,"Category":1,"Money":493.4769229872,"SkillScore":"EvaScore3","Target":"Direction","MaxAngle":0,"EffectTarget":"None","MoneySum":493.4769229872,"LearnGrade":58,"Damagable":1,"GlobalCD":0,"Condition":"ret=1000","MouseShortcut":["0","1","0","1"],"Level":70,"AttMode":"m","WhetherSuffer":0,"DamagePoint2":0.2,"Status":0,"DPSStatId":0,"ConsumeResource":"QinYi,100","Range":"0,15,-1,-1","ExperienceSum":6092.3076912,"Targets":15,"throughWall":0,"SpeedInfluenced":0,"SafeAreaForbidden":0,"TargetExceedRangePolicy":0}