{"Break":0,"Holding":1,"HavokPathId":"47900363;false;","MaxPlayerTargets":15,"Experience":0,"CastingPoint":0,"CDInFightStatus":0,"SkillCalculate":0,"SkillCDBelong":915130,"AnimationDuration":0,"Recover":0.5,"SafeAreaForbidden":0,"Level":70,"TotalLevel":70,"CD":30,"Name":"碧涧流泉二段","MixHurtTargets":7,"HavokPathNoZoom":"1","ID":91514001,"Display":"#n#Color_SkillTipColor4第一段#n#Color_SkillTipColor7：快速弹奏射出音波攻击前方敌人，期间增加移动速度。#r#n#Color_SkillTipColor4第二段：#n#Color_SkillTipColor7后跳并向前方射出扇形音波，造成伤害和减速。","FaceDirectly":1,"Category":1,"Money":0,"MainSkillId":915130,"Target":"Direction","EffectTarget":"None","MoneySum":0,"MaxAngle":0,"Damagable":1,"GlobalCD":0,"FirePointHeight":130,"MouseShortcut":["0","1","0","1"],"WhetherSuffer":0,"AttMode":"m","ExperienceSum":0,"Targets":15,"ConsumeResource":"QinYi,50","DPSStatId":915130,"Range":"0,10,-1,-1","Status":0,"DamagePoint2":0.1,"GoodOrBad":0,"throughWall":0,"SpeedInfluenced":0,"Requirement":"0,5;","TargetExceedRangePolicy":0}