{"Break":0,"Holding":1,"Requirement":"0,5;","MaxPlayerTargets":15,"Experience":0,"CastingPoint":0,"CDInFightStatus":0,"SkillCalculate":0,"SkillCDBelong":915130,"AnimationDuration":0,"Recover":0,"SafeAreaForbidden":0,"Level":70,"TotalLevel":70,"CD":30,"Name":"碧涧流泉一段","MixHurtTargets":7,"ID":91513501,"Display":"#n#Color_SkillTipColor4第一段#n#Color_SkillTipColor7：快速弹奏射出音波攻击前方敌人，期间增加移动速度。#r#n#Color_SkillTipColor4第二段：#n#Color_SkillTipColor7后跳并向前方射出扇形音波，造成伤害和减速。","FaceDirectly":1,"Category":1,"Money":0,"MainSkillId":915130,"Target":"Direction","FirePointHeight":100,"EffectTarget":"None","MoneySum":0,"MaxAngle":0,"HitRate":"ret=1000","GlobalCD":0,"MouseShortcut":["0","1","0","1"],"Damagable":1,"AttMode":"m","FakeRecover":"MoveRecover;1.9;","ExperienceSum":0,"WhetherSuffer":0,"Targets":15,"DPSStatId":915130,"Status":0,"ConsumeResource":"QinYi,50","Range":"0,15,-1,-1","DamagePoint2":0,"throughWall":0,"SpeedInfluenced":0,"GoodOrBad":-1,"TargetExceedRangePolicy":0}