{"Break":0,"Holding":1,"LearnType":"LearnType2","MouseShortcut":["0","1","0","1"],"MaxPlayerTargets":15,"Experience":169.2307692,"CastingPoint":0,"CDInFightStatus":0,"SkillCalculate":2.115384615,"AnimationDuration":0,"Recover":0.1,"SafeAreaForbidden":1,"Damagable":0,"TotalLevel":70,"CD":20,"Name":"凌波微步","MixHurtTargets":7,"ID":91516001,"Display":"#n#Color_SkillTipColor7似风般快的身法，移形换影至目标地点，并解除负面控制效果。","FaceDirectly":1,"Category":1,"Money":13.7076923052,"SkillScore":"EvaScore3","Target":"Location","EffectTarget":"None","MoneySum":13.7076923052,"LearnGrade":2,"Level":70,"GlobalCD":0,"GoodOrBad":0,"DamagePoint2":0,"MaxAngle":0,"AttMode":"h","ExperienceSum":169.2307692,"Range":"0,12,-1,-1","ConsumeResource":"QinYi,100","DPSStatId":0,"Status":0,"WhetherSuffer":0,"Targets":15,"FirePointHeight":100,"throughWall":0,"SpeedInfluenced":0,"SkillEvent":"NoAtt;CastDuringControlled;","TargetExceedRangePolicy":0}