{"Break":0,"Holding":1,"LearnType":"LearnType2","Requirement":"0,5;","MaxPlayerTargets":15,"Experience":2284.6153842,"CastingPoint":0,"CDInFightStatus":0,"SkillCalculate":2.115384615,"AnimationDuration":0,"Recover":0.55,"SafeAreaForbidden":0,"GoodOrBad":-1,"TotalLevel":70,"CD":16,"Name":"御风","MixHurtTargets":7,"ID":91528001,"Display":"#Color_SkillTipColor7夫列子御风而行，泠然善也。#r使用后产生一道龙卷风，对路径上的敌人造成伤害，并将其卷至旋风中心（对玩家为减速），附带#Color_SkillTipColor5重创#Color_Default效果。#r#Color_SkillTipColor4技能连招:#r#Color_SkillTipColor7穿过#c3399ff云山万重#Color_SkillTipColor7冰墙后形成冰龙卷，冻结沿途敌人。#r释放#cff3838凤凰展翅#Color_SkillTipColor7短时间内，可释放火龙卷御风，威力增加。","FaceDirectly":1,"Category":1,"Money":185.0538461202,"SkillScore":"EvaScore3","Target":"Direction","EffectTarget":"None","MoneySum":185.0538461202,"MaxAngle":0,"FirePointHeight":100,"GlobalCD":0,"Damagable":1,"LearnGrade":22,"MouseShortcut":["1","1","1","1"],"AttMode":"m","Status":0,"DamagePoint2":0.1,"Targets":15,"DPSStatId":0,"Range":"0,15,-1,-1","ConsumeResource":"QinYi,50","WhetherSuffer":0,"ExperienceSum":2284.6153842,"throughWall":0,"SpeedInfluenced":0,"Level":70,"TargetExceedRangePolicy":0}