{"Break":0,"Holding":1,"LearnType":"LearnType2","Requirement":"0,5;","MaxPlayerTargets":15,"Experience":3553.8461532,"CastingPoint":0,"CDInFightStatus":0,"SkillCalculate":2.115384615,"AnimationDuration":0,"Recover":0.3,"SafeAreaForbidden":0,"GoodOrBad":-1,"TotalLevel":70,"CD":18,"Name":"关山月","MixHurtTargets":7,"ID":91522001,"Display":"#n#Color_SkillTipColor7明月出天山，苍茫云海间。在目标地点形成一道上升气流，对目标造成伤害和浮空效果","FaceDirectly":1,"Category":1,"Money":287.8615384092,"SkillScore":"EvaScore3","Target":"Location","EffectTarget":"None","MoneySum":287.8615384092,"MaxAngle":0,"FirePointHeight":100,"GlobalCD":0,"Damagable":1,"LearnGrade":34,"MouseShortcut":["0","1","0","1"],"AttMode":"m","Status":0,"DamagePoint2":0,"Targets":15,"DPSStatId":0,"Range":"0,20,-1,-1","ConsumeResource":"QinYi,80","WhetherSuffer":0,"ExperienceSum":3553.8461532,"throughWall":0,"SpeedInfluenced":0,"Level":70,"TargetExceedRangePolicy":0}