{"Break":0,"Holding":1,"LearnType":"LearnType1","Requirement":"0,5;","MaxPlayerTargets":15,"Experience":4928.84615295,"CastingPoint":0,"CDInFightStatus":0,"SkillCalculate":2.115384615,"AnimationDuration":0,"Recover":0.25,"SafeAreaForbidden":1,"Damagable":1,"TotalLevel":70,"CD":40,"Name":"鸿衣羽裳","MixHurtTargets":7,"ID":91525001,"Display":"琴音在自身周围形成气场，短时间内提升友方20%移动速度和内功攻击。","FaceDirectly":1,"Category":1,"Money":399.23653838895,"SkillScore":"EvaScore3","Target":"None","EffectTarget":"None","MoneySum":399.23653838895,"MaxAngle":0,"GlobalCD":0,"FirePointHeight":100,"LearnGrade":47,"ExperienceSum":4928.84615295,"AttMode":"h","Status":0,"MouseShortcut":["0","1","0","1"],"Targets":15,"DPSStatId":0,"DamagePoint2":0.05,"Range":"0,15,-1,-1","WhetherSuffer":0,"Level":70,"throughWall":0,"SpeedInfluenced":0,"GoodOrBad":0,"TargetExceedRangePolicy":0}