{"Break":0,"Holding":1,"LearnType":"LearnType1","MouseShortcut":["0","1","0","1"],"MaxPlayerTargets":15,"Experience":4717.30769145,"CastingPoint":0,"CDInFightStatus":0,"SkillCalculate":2.115384615,"AnimationDuration":0,"Recover":0.45,"SafeAreaForbidden":0,"Damagable":0,"TotalLevel":70,"CD":22,"Name":"云山万重","MixHurtTargets":7,"ID":91537001,"Display":"#Color_SkillTipColor4划线技能：#Color_SkillTipColor7释放技能后按住鼠标左键进行拖动，松开后会在刚才鼠标的移动路径上生成一道冰墙，阻隔地形并对附近敌人造成伤害和减速。","FaceDirectly":1,"Category":1,"Money":382.10192300745,"SkillScore":"EvaScore3","Target":"Location","EffectTarget":"None","MoneySum":382.10192300745,"LearnGrade":45,"GlobalCD":1,"Level":70,"DamagePoint2":0.1,"FirePointHeight":100,"AttMode":"m","ExperienceSum":4717.30769145,"MaxAngle":30,"Status":0,"DPSStatId":0,"Range":"0,20,-1,-1","ConsumeResource":"QinYi,75","Targets":15,"WhetherSuffer":0,"throughWall":0,"SpeedInfluenced":0,"GoodOrBad":-1,"TargetExceedRangePolicy":0}