{"Break":0,"Holding":1,"LearnType":"LearnType2","MouseShortcut":["0","1","0","1"],"MaxPlayerTargets":15,"Experience":4188.4615377,"CastingPoint":0,"CDInFightStatus":0,"SkillCalculate":2.115384615,"AnimationDuration":0,"StepSkillId":"915345;915350;","LearnGrade":40,"FirePointHeight":100,"Level":70,"TotalLevel":70,"CD":15,"Name":"飞羽空蝉","MixHurtTargets":7,"ID":91534001,"Display":"#Color_SkillTipColor4第一段#Color_SkillTipColor7：冰火双凤环绕身边，造成持续伤害。#r#Color_SkillTipColor4第二段#Color_SkillTipColor7：冰火双凤冲向目标造成伤害。","FaceDirectly":1,"Category":2,"Money":339.2653845537,"SkillScore":"EvaScore3","Target":"None","EffectTarget":"Self","MoneySum":339.2653845537,"Recover":0,"GlobalCD":0,"MaxAngle":0,"Requirement":"0,5;","ExperienceSum":4188.4615377,"AttMode":"m","Targets":15,"SafeAreaForbidden":0,"GoodOrBad":-1,"DPSStatId":0,"DamagePoint2":0,"Range":"0,15,-1,-1","WhetherSuffer":0,"Status":0,"throughWall":0,"SpeedInfluenced":0,"Damagable":1,"TargetExceedRangePolicy":0}