{"Break":0,"MaxAngle":0,"Requirement":"0,5;","MaxPlayerTargets":15,"Experience":0,"CastingPoint":0,"CDInFightStatus":0,"SkillCalculate":0,"AnimationDuration":0,"Recover":0.4,"SafeAreaForbidden":0,"GoodOrBad":-1,"TotalLevel":70,"CD":15,"Name":"飞羽空蝉·击","DamagePoint2":0,"ID":91535001,"Display":"#Color_SkillTipColor4第一段#Color_SkillTipColor7：冰火双凤环绕身边，造成持续伤害。#r#Color_SkillTipColor4第二段#Color_SkillTipColor7：冰火双凤冲向目标造成伤害。","FaceDirectly":1,"Category":1,"Money":0,"MainSkillId":915340,"Target":"Enemy","EffectTarget":"Enemy","MoneySum":0,"Holding":1,"GlobalCD":0,"Damagable":1,"Level":70,"MixHurtTargets":7,"AttMode":"h","ExperienceSum":0,"WhetherSuffer":0,"Targets":15,"DPSStatId":915340,"ConsumeResource":"QinYi,50","Range":"0,15,-1,-1","Status":0,"MouseShortcut":["0","1","0","1"],"throughWall":0,"SpeedInfluenced":0,"FirePointHeight":100,"TargetExceedRangePolicy":1}