{"Break":0,"MaxAngle":0,"Requirement":"0,5;","MaxPlayerTargets":15,"Experience":0,"CastingPoint":0,"CDInFightStatus":0,"SkillCalculate":0,"AnimationDuration":0,"Recover":0.4,"SafeAreaForbidden":0,"GoodOrBad":-1,"TotalLevel":70,"CD":20,"Name":"剑胆琴心-4","DamagePoint2":0,"ID":91543401,"Display":"琴中藏剑，剑发琴音。收琴拔剑施展五段近身攻击，攻击时增加自身免伤50%。最后三段分别增加#ccc9900风#Color_SkillTipColor7、#c3399ff冰#Color_SkillTipColor7、#cff3838火#Color_SkillTipColor7音符。","FaceDirectly":1,"Category":1,"Money":0,"MainSkillId":915430,"Target":"Location","EffectTarget":"None","MoneySum":0,"GlobalCD":0,"Holding":1,"Damagable":1,"MixHurtTargets":7,"AttMode":"m","ExperienceSum":0,"Status":0,"Level":70,"DPSStatId":915430,"WhetherSuffer":0,"Range":"0,5,-1,-1","Targets":15,"MouseShortcut":["0","1","0","1"],"throughWall":0,"SpeedInfluenced":0,"FirePointHeight":100,"TargetExceedRangePolicy":0}