{"Break":0,"Holding":1,"LearnType":"LearnType2","MouseShortcut":["0","1","0","1"],"MaxPlayerTargets":15,"Experience":5880.7692297,"CastingPoint":0,"CDInFightStatus":0,"SkillCalculate":2.115384615,"AnimationDuration":0,"StepSkillId":"915431;915432;915433;915434;915435;","Recover":0.2,"FirePointHeight":100,"Level":70,"TotalLevel":70,"CD":30,"Name":"剑胆琴心","MixHurtTargets":7,"ID":91543001,"Display":"琴中藏剑，剑发琴音。收琴拔剑施展五段近身攻击，攻击时增加自身免伤50%。最后三段分别增加#ccc9900风#Color_SkillTipColor7、#c3399ff冰#Color_SkillTipColor7、#cff3838火#Color_SkillTipColor7音符。","FaceDirectly":1,"Category":1,"Money":476.3423076057,"SkillScore":"EvaScore3","Target":"Direction","EffectTarget":"Enemy","MoneySum":476.3423076057,"Requirement":"0,5;","LearnGrade":56,"GlobalCD":0,"Damagable":1,"MaxAngle":0,"Status":0,"AttMode":"m","WhetherSuffer":0,"GoodOrBad":-1,"DamagePoint2":0,"DPSStatId":0,"Range":"0,6,-1,-1","ConsumeResource":"QinYi,100","Targets":15,"ExperienceSum":5880.7692297,"throughWall":0,"SpeedInfluenced":0,"SafeAreaForbidden":0,"TargetExceedRangePolicy":0}