{"Break":0,"Holding":1,"LearnType":"LearnType1","HavokPathId":"47900044;true;","MaxPlayerTargets":15,"Experience":5140.38461445,"CastingPoint":0,"CDInFightStatus":0,"SkillCalculate":2.115384615,"AnimationDuration":0,"LearnGrade":49,"FirePointHeight":100,"Damagable":1,"TotalLevel":70,"CD":24,"Name":"斗转星移","MixHurtTargets":7,"HavokPathNoZoom":"1","ID":91540001,"Display":"#n#Color_SkillTipColor7隐身并制造一个幻影迷惑敌人，同时移除威胁和所有负面效果，进行任何攻击会立即解除隐身状态。","FaceDirectly":1,"Category":1,"Money":416.37115377045,"SkillScore":"EvaScore3","Target":"Direction","Recover":0.7,"EffectTarget":"Self","MoneySum":416.37115377045,"MaxAngle":0,"GoodOrBad":-1,"GlobalCD":0,"Requirement":"0,5;","MouseShortcut":["0","1","0","1"],"Level":70,"AttMode":"h","Status":0,"DamagePoint2":0,"Range":"0,15,-1,-1","DPSStatId":0,"ConsumeResource":"QinYi,150","Targets":15,"ExperienceSum":5140.38461445,"WhetherSuffer":0,"throughWall":0,"SpeedInfluenced":0,"SafeAreaForbidden":0,"TargetExceedRangePolicy":0}