{"Break":0,"Holding":1,"HavokPathId":"47900136;true;","MaxPlayerTargets":15,"Experience":0,"CastingPoint":0,"CDInFightStatus":0,"SkillCalculate":0,"AnimationDuration":0,"Recover":1.3,"SafeAreaForbidden":0,"GoodOrBad":-1,"TotalLevel":70,"CD":20,"Name":"剑胆琴心-5","MixHurtTargets":7,"ID":91543501,"Display":"琴中藏剑，剑发琴音。收琴拔剑施展五段近身攻击，攻击时增加自身免伤50%。最后三段分别增加#ccc9900风#Color_SkillTipColor7、#c3399ff冰#Color_SkillTipColor7、#cff3838火#Color_SkillTipColor7音符。","FaceDirectly":1,"Scope":"union(fan;self;5,135;3,5;|area;self;1;3,5;0;)","Category":1,"Money":0,"MainSkillId":915430,"Target":"Direction","EffectTarget":"Enemy","MoneySum":0,"Requirement":"0,5;","Damagable":1,"GlobalCD":0,"MaxAngle":0,"Status":0,"HavokOffset":"1","AttMode":"m","ExperienceSum":0,"Level":70,"WhetherSuffer":0,"DPSStatId":915430,"Targets":15,"Range":"0,5,-1,-1","DamagePoint2":1.1,"MouseShortcut":["0","1","0","1"],"throughWall":0,"SpeedInfluenced":0,"FirePointHeight":100,"TargetExceedRangePolicy":0}