{"Break":0,"Holding":1,"LearnType":"LearnType2","HavokPathId":"47900141;true;","MaxPlayerTargets":20,"Experience":23840,"CastingPoint":0,"CDInFightStatus":0,"SkillCalculate":8,"AnimationDuration":0,"Recover":2.5,"SafeAreaForbidden":0,"Damagable":1,"TotalLevel":70,"CD":0,"Name":"灰烬冰河","MixHurtTargets":7,"ID":91555001,"Display":"#n#Color_SkillTipColor4以自身为中心的大范围伤害。#r第一段#n#Color_Default寒风霜冻，冰冻周围敌方单位。#r#n#Color_SkillTipColor4第二段#n#Color_Default烈焰气浪，点燃并击飞周围目标。","FaceDirectly":1,"Category":1,"Money":1931.04,"SkillScore":"EvaScore5","Target":"None","EffectTarget":"None","MoneySum":1931.04,"Requirement":"0,5;","FirePointHeight":100,"GlobalCD":0,"GoodOrBad":-1,"LearnGrade":60,"MaxAngle":0,"AttMode":"m","Status":0,"DamagePoint2":0.7,"Range":"0,15,-1,-1","DPSStatId":0,"Targets":30,"ConsumeResource":"NiSha,90","WhetherSuffer":0,"ExperienceSum":23840,"throughWall":0,"SpeedInfluenced":0,"Level":70,"TargetExceedRangePolicy":1}