{"Break":0,"Holding":1,"LearnType":"LearnType1","MouseShortcut":["0","1","0","1"],"MaxPlayerTargets":15,"Experience":5563.46153745,"CastingPoint":0,"CDInFightStatus":0,"SkillCalculate":2.115384615,"AnimationDuration":0,"Recover":0.8,"SafeAreaForbidden":1,"GoodOrBad":1,"TotalLevel":70,"CD":25,"Name":"广陵散","MixHurtTargets":7,"ID":91558001,"Display":"#n#Color_SkillTipColor7提升自己和周围队友的元素伤害和抗性忽视，持续30分钟。释放后可恢复少量琴意。","FaceDirectly":1,"Scope":"area;self;25;4,4;0;","Category":1,"Money":450.64038453345,"SkillScore":"EvaScore3","Target":"None","EffectTarget":"TeamAndSelf","MoneySum":450.64038453345,"GlobalCD":0,"LearnGrade":53,"Damagable":1,"ExperienceSum":5563.46153745,"AttMode":"h","Status":0,"MaxAngle":0,"Targets":15,"DPSStatId":0,"DamagePoint2":0.5,"Range":"0,15,-1,-1","WhetherSuffer":0,"Level":70,"throughWall":0,"SpeedInfluenced":0,"FirePointHeight":100,"TargetExceedRangePolicy":0}