{"Break":0,"Holding":2,"Requirement":"0,5;","MaxPlayerTargets":20,"Experience":0,"CastingPoint":0,"CDInFightStatus":0,"Condition":"ret,ret2=(a:GetFiveToneCount()==5),\"SKILL_CONDITION_NOT_ENOUGH_TONE\"","AnimationDuration":0,"Recover":0.2,"SafeAreaForbidden":1,"GoodOrBad":0,"TotalLevel":1,"CD":12,"Name":"琴动五音","DamagePoint2":0.05,"ID":91564101,"Display":"#Color_SkillTipColor7机制技能，将不同的真气注入“宫、商、角、徵、羽”五个音阶，弹奏出不同的“曲”。#r#Color_SkillTipColor4共分为两段，第一段切换“曲”，获得相应的状态，第二段弹奏释放技能后可重新获得音符。","FaceDirectly":1,"Category":1,"Money":0,"MainSkillId":915640,"Target":"None","EffectTarget":"Self","MoneySum":0,"SkillCalculate":0,"HitRate":"ret=1000","GlobalCD":0,"Damagable":1,"MaxAngle":0,"Status":0,"AttMode":"h","ExperienceSum":0,"Level":1,"WhetherSuffer":0,"DPSStatId":0,"Range":"0,20,-1,-1","MixHurtTargets":7,"Targets":30,"MouseShortcut":["0","1","0","1"],"throughWall":0,"SpeedInfluenced":0,"FirePointHeight":100,"TargetExceedRangePolicy":1}