{"Break":0,"MaxAngle":0,"Requirement":"0,5;","MaxPlayerTargets":20,"Experience":0,"CastingPoint":0,"CDInFightStatus":0,"SkillCalculate":0,"AnimationDuration":0,"Recover":0.4,"FirePointHeight":100,"Level":1,"TotalLevel":1,"CD":12,"Name":"洞庭秋思","DamagePoint2":0.1,"ID":91564401,"Display":"梅花落向笛中吹，在自身周围产生风场，瞬间推开敌人，对风场内的友军提供短暂的加速效果。","FaceDirectly":1,"Scope":"area;self;5;4,4;0;","Category":1,"Money":0,"MainSkillId":915640,"Target":"None","EffectTarget":"Enemy","MoneySum":0,"HitRate":"ret=1000","GlobalCD":0,"GoodOrBad":-1,"Damagable":1,"MixHurtTargets":7,"AttMode":"m","ExperienceSum":0,"MouseShortcut":["0","1","0","1"],"Holding":1,"DPSStatId":0,"Targets":30,"WhetherSuffer":0,"Range":"0,20,-1,-1","Status":0,"throughWall":0,"SpeedInfluenced":0,"SafeAreaForbidden":0,"TargetExceedRangePolicy":1}