{"Break":0,"Holding":1,"Requirement":"0,5;","MaxPlayerTargets":20,"Experience":0,"CastingPoint":0,"CDInFightStatus":0,"SkillCalculate":0,"AnimationDuration":0,"Recover":0.4,"SafeAreaForbidden":0,"GoodOrBad":-1,"TotalLevel":1,"CD":12,"Name":"凤凰展翅","MixHurtTargets":7,"ID":91564201,"Display":"火凤盘旋，持续引燃目标区域，4秒后火凤展翅，瞬间造成大量伤害和击飞效果。","FaceDirectly":1,"Category":1,"Money":0,"MainSkillId":915640,"Target":"Location","EffectTarget":"None","MoneySum":0,"HitRate":"ret=1000","GlobalCD":0,"MaxAngle":0,"Status":0,"Damagable":1,"AttMode":"m","Targets":30,"ExperienceSum":0,"Level":1,"DPSStatId":0,"WhetherSuffer":0,"Range":"0,20,-1,-1","DamagePoint2":0.05,"MouseShortcut":["0","1","0","1"],"throughWall":0,"SpeedInfluenced":0,"FirePointHeight":100,"TargetExceedRangePolicy":1}