{"Break":0,"Holding":1,"Requirement":"0,5;","MaxPlayerTargets":20,"Experience":0,"CastingPoint":0,"CDInFightStatus":0,"SkillCalculate":0,"AnimationDuration":0,"Recover":0.4,"SafeAreaForbidden":0,"GoodOrBad":-1,"TotalLevel":1,"CD":12,"Name":"潇湘水云","MixHurtTargets":7,"ID":91564301,"Display":"奏出雪竹琳琅之音，使目标范围内的空气凝化成雪，造成持续减速和伤害，4秒凝化完成后还将造成冰冻效果。","FaceDirectly":1,"Category":1,"Money":0,"MainSkillId":915640,"Target":"Location","EffectTarget":"None","MoneySum":0,"HitRate":"ret=1000","GlobalCD":0,"MaxAngle":0,"Status":0,"Damagable":1,"AttMode":"m","Targets":30,"ExperienceSum":0,"Level":1,"DPSStatId":0,"WhetherSuffer":0,"Range":"0,20,-1,-1","DamagePoint2":0.05,"MouseShortcut":["0","1","0","1"],"throughWall":0,"SpeedInfluenced":0,"FirePointHeight":100,"TargetExceedRangePolicy":1}