{"Break":0,"Holding":1,"LearnType":"LearnType1","MouseShortcut":["0","1","0","1"],"MaxPlayerTargets":20,"Experience":0,"CastingPoint":0,"CDInFightStatus":0,"SkillCalculate":0,"AnimationDuration":0,"StepSkillId":"915641;915642;915643;915644;","Recover":0.5,"FirePointHeight":100,"Level":1,"TotalLevel":1,"CD":12,"Name":"琴动五音","MixHurtTargets":7,"ID":91564001,"Display":"#Color_SkillTipColor7机制技能，将不同的真气注入“宫、商、角、徵、羽”五个音阶，弹奏出不同的“曲”。#r#Color_SkillTipColor4共分为两段，第一段切换“曲”，获得相应的状态，第二段弹奏释放技能后可重新获得音符。","FaceDirectly":1,"Category":1,"Money":0,"SkillScore":"EvaScore1","Target":"None","EffectTarget":"None","MoneySum":0,"Requirement":"0,5;","HitRate":"ret=1000","GlobalCD":0,"LearnGrade":1,"MaxAngle":0,"ExperienceSum":0,"AttMode":"h","Targets":30,"SafeAreaForbidden":1,"GoodOrBad":0,"DPSStatId":0,"DamagePoint2":0,"Range":"0,20,-1,-1","WhetherSuffer":0,"Status":0,"throughWall":0,"SpeedInfluenced":0,"Damagable":1,"TargetExceedRangePolicy":1}