{"Break":0,"MaxAngle":0,"LearnType":"LearnType1","MouseShortcut":["0","1","0","1"],"MaxPlayerTargets":15,"Experience":5774.99999895,"CastingPoint":0,"CDInFightStatus":0,"SkillCalculate":2.115384615,"AnimationDuration":0,"StepSkillId":"915613;915616;","Recover":0.5,"FirePointHeight":100,"GoodOrBad":1,"TotalLevel":70,"CD":45,"Name":"寒冰护体","MixHurtTargets":7,"ID":91561001,"Display":"#Color_SkillTipColor4被一道寒冰真气笼罩，在4秒内不会受到任何伤害。但是在这期间也无法移动、攻击。#r#Color_Default在4秒内再次使用，可打破寒冰真气，对周围5格内的敌人造成伤害。","FaceDirectly":1,"Category":1,"Money":467.77499991495,"SkillScore":"EvaScore3","Target":"None","EffectTarget":"Friend","MoneySum":467.77499991495,"SafeAreaForbidden":1,"GlobalCD":0,"LearnGrade":55,"Holding":1,"ExperienceSum":5774.99999895,"AttMode":"h","WhetherSuffer":0,"Damagable":1,"DamagePoint2":0,"DPSStatId":0,"Range":"0,15,-1,-1","Targets":15,"OnMoveToHotBuff":"64044301","Status":0,"throughWall":0,"SpeedInfluenced":0,"Level":70,"TargetExceedRangePolicy":0}