{"Break":0,"Holding":1,"MouseShortcut":["0","1","0","1"],"MaxPlayerTargets":15,"Experience":0,"CastingPoint":0,"CDInFightStatus":0,"SkillCalculate":0,"AnimationDuration":0,"Recover":0,"FirePointHeight":100,"GoodOrBad":1,"TotalLevel":70,"CD":45,"Name":"寒冰护体_1","DamagePoint2":0,"ID":91561301,"Display":"#Color_SkillTipColor4被一道寒冰真气笼罩，在4秒内不会受到任何伤害。但是在这期间也无法移动、攻击。#r#Color_Default在4秒内再次使用，可打破寒冰真气，对周围5格内的敌人造成伤害。","Range":"0,15,-1,-1","Category":2,"ConsumeResource":"QinYi,150","MainSkillId":915610,"Target":"None","EffectTarget":"None","MoneySum":0,"Damagable":1,"GlobalCD":0,"SafeAreaForbidden":1,"MixHurtTargets":7,"MaxAngle":0,"AttMode":"h","ExperienceSum":0,"Level":70,"WhetherSuffer":0,"DPSStatId":915610,"Targets":15,"Status":0,"FaceDirectly":1,"Money":0,"throughWall":0,"SpeedInfluenced":0,"SkillEvent":"NoAtt;CastDuringControlled;","TargetExceedRangePolicy":0}