{"Break":0,"MaxAngle":0,"LearnType":"LearnType1","MouseShortcut":["0"],"MaxPlayerTargets":1,"Experience":60,"CastingPoint":0,"CDInFightStatus":0,"SkillCalculate":2,"AnimationDuration":0,"StepSkillId":"916030;916031;916032;","LearnGrade":1,"FirePointHeight":100,"Level":70,"TotalLevel":70,"CD":0,"Name":"轻功","MixHurtTargets":6,"ID":91603301,"Display":"按空格键施展，最多三段，向鼠标所在方向或键盘按键方向跳跃。#r按住Ctrl点击鼠标左键，可自动轻功寻路到点击位置。#r#Color_SkillTipColor3疾行状态下变为大轻功，不再有跳跃次数上限，同时大轻功节奏条出现，每一跳若能踩到节奏点，可恢复轻功值。#r#Color_SkillTipColor4提升本技能等级，可跳得更远，疾行得更久。","FaceDirectly":1,"Category":2,"Money":4.86,"SkillScore":"EvaScore2","Target":"Location","EffectTarget":"None","MoneySum":4.86,"Recover":0,"GlobalCD":0,"SafeAreaForbidden":1,"Holding":2,"ExperienceSum":60,"AttMode":"h","Status":0,"Damagable":0,"DamagePoint2":0,"DPSStatId":0,"Range":"11,16,-1,-1","Targets":1,"WhetherSuffer":0,"GoodOrBad":1,"throughWall":0,"SpeedInfluenced":0,"SkillEvent":"FlyingSkill;NoAtt;ChangePosition;","TargetExceedRangePolicy":0}