{"Break":0,"Holding":1,"LearnType":"LearnType2","Requirement":"0,6;","MaxPlayerTargets":1,"Experience":151.72413792,"CastingPoint":0,"CDInFightStatus":0,"Condition":"ret,ret2 = (a:HaveBuffs(645575) == 0),\"HEALING_SKILL_UNAVAILABLE\"","AnimationDuration":0,"LearnGrade":2,"FirePointHeight":100,"Damagable":1,"TotalLevel":70,"CD":8,"Name":"无用","MixHurtTargets":6,"ID":91618901,"Display":"素问朝目标敌人打出丝带，快速缠绕然后拉回，使目标进入#Color_SkillTipColor5快速旋转状态#Color_Default，并附带#Color_SkillTipColor5重创#Color_Default效果。丝带命中首先造成一次风伤害，随后每秒对周围小范围内的敌人造成风伤害，持续3秒。#r#Color_SkillTipColor2花渐隐：#Color_Default拖出本招式后，#Color_SkillTipColor5飘絮#Color_Default技能的每一击也会有一定可能，将目标抽击得旋转起来。#r#Color_SkillTipColor2粉蝶：#Color_Default命中获得1只粉色蝴蝶。#r#c7e7fc8【飞盖相追，贪向花间醉玉卮】","FaceDirectly":1,"Category":2,"Money":12.28965517152,"MaxAngle":0,"SkillScore":"EvaScore2","Target":"Enemy","Recover":0,"EffectTarget":"Enemy","MoneySum":12.28965517152,"Status":0,"SkillCalculate":1.896551724,"GlobalCD":0,"MouseShortcut":["1","1","1","1"],"GoodOrBad":-1,"Targets":1,"OnMoveToHotBuff":"64217201","WhetherSuffer":0,"DamagePoint2":0,"Range":"0,13,-1,-1","DPSStatId":0,"ConsumeResource":"Mp,25","ExperienceSum":151.72413792,"AttMode":"m","Level":70,"throughWall":0,"SpeedInfluenced":0,"SafeAreaForbidden":0,"TargetExceedRangePolicy":0}