{"Break":0,"Holding":1,"LearnType":"LearnType1","Requirement":"0,6;","MaxPlayerTargets":1,"Experience":85.34482758,"CastingPoint":0,"CDInFightStatus":0,"Condition":"ret,ret2 = (a:HaveBuffs(645575) == 0),\"HEALING_SKILL_UNAVAILABLE\"","AnimationDuration":0,"Recover":0,"SafeAreaForbidden":0,"GoodOrBad":-1,"TotalLevel":70,"Name":"飘絮","MixHurtTargets":6,"ID":91610901,"Display":"三段连击招式，素问挥舞丝带攻击前方敌人，造成内功伤害。#r#Color_SkillTipColor2飘絮：#Color_Default第三击额外附带#Color_SkillTipColor5絮种#Color_Default效果，可降低敌人防御。#r#Color_SkillTipColor2花渐隐：#Color_Default如有拖出花间技能，飘絮的每一击将有可能把目标抽击得旋转起来。#r#Color_SkillTipColor2粉蝶：#Color_Default第三击如有命中敌人，获得1只粉色蝴蝶。#r#r#Color_SkillTipColor3【庭院深深几时许，杨柳堆烟，帘幕无重数】","FaceDirectly":1,"Category":2,"Money":6.91293103398,"SkillScore":"EvaScore3","Target":"Direction","MaxAngle":0,"EffectTarget":"None","MoneySum":6.91293103398,"Level":70,"FirePointHeight":100,"GlobalCD":0,"LearnGrade":1,"MouseShortcut":["1","1","1","1"],"Status":0,"AttMode":"m","WhetherSuffer":0,"Damagable":1,"DamagePoint2":0,"DPSStatId":0,"Range":"0,4,-1,-1","Targets":1,"ExperienceSum":85.34482758,"SkillCalculate":2.844827586,"throughWall":0,"SpeedInfluenced":0,"SkillEvent":"SuWenAtt;","TargetExceedRangePolicy":0}