{"Break":0,"Holding":1,"LearnType":"LearnType2","MouseShortcut":["0","1","0","1"],"MaxPlayerTargets":1,"Experience":4210.34482728,"CastingPoint":0,"CDInFightStatus":0,"EffectTargetCondition":"ret = (a:HaveBuffs(645653) == 0 or d==a)\n--自己有押镖免战令时，不能给其他目标加血和增益","AnimationDuration":0,"Recover":0.7,"SafeAreaForbidden":1,"GoodOrBad":1,"TotalLevel":70,"CD":6,"Name":"初绽","MixHurtTargets":6,"ID":91615001,"Display":"为目标恢复大量气血值。#r#Color_SkillTipColor2急救：#Color_Default如果目标的血量#Color_SkillTipColor5低于#Color_Default30%，恢复效果将#Color_SkillTipColor5额外#Color_Default提升40%。#r#Color_SkillTipColor2霞光：#Color_Default如对带#Color_SkillTipColor5自身霞光标记#Color_Default的目标释放，还可把一定比例的治疗量转换为小队治疗。#r#Color_SkillTipColor2绿蝶：#Color_Default获得1只绿色蝴蝶。#r#r#Color_SkillTipColor3【花枝草蔓眼中开，小白长红越女腮】","FaceDirectly":2,"Category":1,"Money":341.03793100968,"SkillScore":"EvaScore3","Target":"FriendOrSelf","EffectTarget":"FriendOrSelf","MoneySum":341.03793100968,"SkillCalculate":2.844827586,"FirePointHeight":100,"GlobalCD":0,"Damagable":0,"LearnGrade":30,"MaxAngle":360,"AttMode":"h","Status":0,"DamagePoint2":0.6,"Targets":1,"DPSStatId":0,"Range":"0,20,-1,-1","ConsumeResource":"Mp,34","WhetherSuffer":0,"ExperienceSum":4210.34482728,"throughWall":0,"SpeedInfluenced":0,"Level":70,"TargetExceedRangePolicy":0}