{"Break":0,"Holding":1,"HavokPathId":"47900186;false;","MaxPlayerTargets":15,"Experience":0,"CastingPoint":0,"CDInFightStatus":0,"SkillCalculate":0,"AnimationDuration":0,"Recover":1.03,"SafeAreaForbidden":0,"Level":70,"TotalLevel":70,"CD":14,"Name":"江月见重山·4","DamagePoint2":0,"ID":91644401,"Display":"素问的进阶丝带连招套路，共五段，最后一击带有#Color_SkillTipColor5击飞#Color_Default效果。每一段均朝鼠标所在方向打出，完整释放可造成高额的内功伤害。#r#Color_SkillTipColor2粉蝶：#Color_Default每一段招式如果命中，可获得1只粉色蝴蝶，全部命中共可获得5只粉色蝴蝶。#r#r#Color_SkillTipColor3【江畔何人初见月？江月何年初照人？】","FaceDirectly":1,"Scope":"union(fan;self;6,85;3,6;|area;self;1;3,6;0;)","Category":1,"Money":0,"MainSkillId":916440,"FirePointHeight":100,"Target":"Direction","GoodOrBad":-1,"EffectTarget":"Enemy","MoneySum":0,"Requirement":"0,6;","MixHurtTargets":6,"GlobalCD":0,"Damagable":1,"Targets":15,"HavokOffset":"1.2","AttMode":"m","ExperienceSum":0,"Status":0,"WhetherSuffer":0,"DPSStatId":916440,"ConsumeResource":"Mp,36","MaxAngle":360,"Range":"0,6,-1,-1","MouseShortcut":["1","1","1","1"],"throughWall":0,"SpeedInfluenced":0,"SkillEvent":"SuWenAtt;","TargetExceedRangePolicy":0}