{"Break":0,"Holding":1,"Requirement":"0,6;","MaxPlayerTargets":15,"Experience":0,"CastingPoint":0,"CDInFightStatus":0,"SkillCalculate":0,"AnimationDuration":0,"Recover":0.3,"SafeAreaForbidden":0,"GoodOrBad":-1,"TotalLevel":70,"CD":10,"Name":"暗香","DamagePoint2":0,"ID":91646101,"Display":"#Color_SkillTipColor2暗香：#Color_Default素问将花意内力凝于丝带，朝目标方向扔出，对命中的首个敌方目标施加#Color_SkillTipColor5花意标记#Color_Default，伤害并束缚该目标及其周围小范围的敌人。如果暗香命中，则素问在接下来的5秒内，可释放步月。#r#Color_SkillTipColor2步月：#Color_Default素问快速闪身到目标前，丝带斜挥，伤害并且#Color_SkillTipColor5浮空#Color_Default身前的敌人。#r#Color_SkillTipColor2粉蝶：#Color_Default暗香和步月如若命中，可各获得1只粉色蝴蝶。#r#r#Color_SkillTipColor3【暗香疏影，乘风步月】","Range":"0,15,-1,-1","Category":1,"Money":0,"MainSkillId":916460,"Target":"Direction","EffectTarget":"Self","MoneySum":0,"FirePointHeight":100,"Damagable":1,"GlobalCD":0,"MaxAngle":360,"MixHurtTargets":6,"Level":70,"AttMode":"h","ExperienceSum":0,"WhetherSuffer":0,"Targets":15,"DPSStatId":0,"ConsumeResource":"Mp,45","Status":0,"FaceDirectly":1,"MouseShortcut":["1","1","1","1"],"throughWall":0,"SpeedInfluenced":0,"SkillEvent":"SuWenAtt;","TargetExceedRangePolicy":0}