{"Break":0,"Holding":1,"Requirement":"0,6;","MaxPlayerTargets":15,"Experience":0,"CastingPoint":0,"CDInFightStatus":0,"Condition":"ret = false","AnimationDuration":0,"Recover":0,"SafeAreaForbidden":0,"Damagable":1,"TotalLevel":70,"CD":10,"Name":"暗香","MixHurtTargets":6,"ID":91646501,"Display":"#n#Color_Default    对范围敌对目标持续造成毒伤害，会浮空普通怪物，对带有#n#Color_SkillTipColor5絮种#n#Color_Default效果的玩家造成额外伤害。技能施展期间本身霸体。#r#r#n#Color_SkillTipColor3【心似双丝网，中有千千结】","FaceDirectly":1,"Category":1,"Money":0,"MainSkillId":916460,"Target":"Direction","EffectTarget":"Self","MoneySum":0,"MaxAngle":360,"SkillCalculate":0,"GlobalCD":0,"FirePointHeight":100,"GoodOrBad":-1,"Status":0,"AttMode":"h","Targets":15,"WhetherSuffer":0,"Level":70,"DPSStatId":0,"Range":"0,18,-1,-1","DamagePoint2":0,"MouseShortcut":["1","1","1","1"],"ExperienceSum":0,"throughWall":0,"SpeedInfluenced":0,"SkillEvent":"SuWenAtt;","TargetExceedRangePolicy":0}