{"Break":0,"Holding":1,"Requirement":"0,6;","MaxPlayerTargets":15,"Experience":0,"CastingPoint":0,"CDInFightStatus":0,"SkillCalculate":0,"AnimationDuration":0,"Recover":0.6,"SafeAreaForbidden":0,"GoodOrBad":-1,"TotalLevel":70,"CD":0,"Name":"突进·作用·伤害浮空","DamagePoint2":0.27,"ID":91646401,"Display":"#n#Color_Default    对范围敌对目标持续造成毒伤害，会浮空普通怪物，对带有#n#Color_SkillTipColor5絮种#n#Color_Default效果的玩家造成额外伤害。技能施展期间本身霸体。#r#r#n#Color_SkillTipColor3【几点护霜云影转，谁家芦管吹秋怨】","FaceDirectly":1,"Scope":"area;target;4;3,6;0;","Category":1,"Money":0,"MainSkillId":916460,"Target":"Enemy","EffectTarget":"Enemy","MoneySum":0,"FirePointHeight":100,"GlobalCD":0,"MaxAngle":360,"MixHurtTargets":6,"Status":0,"AttMode":"m","ExperienceSum":0,"HavokOffset":"1.3","Level":70,"DPSStatId":916462,"WhetherSuffer":0,"Targets":15,"Range":"0,18,-1,-1","MouseShortcut":["1","1","1","1"],"throughWall":0,"SpeedInfluenced":0,"Damagable":1,"TargetExceedRangePolicy":0}