{"Break":0,"Holding":1,"LearnType":"LearnType1","HavokPathId":"47900188;true;","MaxPlayerTargets":15,"Experience":85.34482758,"CastingPoint":0,"CDInFightStatus":0,"SkillCalculate":2.844827586,"AnimationDuration":0,"Recover":0.7,"FirePointHeight":100,"Damagable":1,"TotalLevel":70,"CD":6,"Name":"翩飞","MixHurtTargets":6,"ID":91642001,"Display":"素问翩翩起舞，转起手中丝带，向前方旋舞一小段距离。对敌方造成三次内功伤害，并附带#Color_SkillTipColor5重创#Color_Default效果，对友方进行一次治疗。#r#Color_SkillTipColor2粉蝶：#Color_Default释放后获得一只粉色蝴蝶。#r#r#Color_SkillTipColor3【翩如兰苕翠，婉如游龙举】","FaceDirectly":1,"Scope":"area;self;5;3,6;0;","Category":1,"MaxAngle":360,"Money":6.91293103398,"SafeAreaForbidden":0,"SkillScore":"EvaScore3","Target":"Direction","GoodOrBad":2,"EffectTarget":"Enemy","MoneySum":6.91293103398,"LearnGrade":1,"MouseShortcut":["1","1","1","1"],"GlobalCD":0,"Level":70,"DamagePoint2":0,"Range":"0,6,-1,-1","AttMode":"m","Status":0,"WhetherSuffer":0,"ConsumeResource":"Mp,20","DPSStatId":0,"ExperienceSum":85.34482758,"Targets":15,"HavokOffset":"1","Requirement":"0,6;","throughWall":0,"SpeedInfluenced":0,"SkillEvent":"SuWenAtt;","TargetExceedRangePolicy":0}