{"Break":0,"Holding":1,"LearnType":"LearnType2","Requirement":"0,6;","MaxPlayerTargets":15,"Experience":2503.44827568,"CastingPoint":0,"CDInFightStatus":0,"SkillCalculate":2.844827586,"AnimationDuration":0,"StepSkillId":"916441;916442;916443;916444;916445;","Recover":0,"FirePointHeight":100,"GoodOrBad":-1,"TotalLevel":70,"CD":14,"Name":"江月见重山","MixHurtTargets":6,"ID":91644001,"Display":"素问的进阶丝带连招套路，共五段，最后一击带有#Color_SkillTipColor5击飞#Color_Default效果。每一段均朝鼠标所在方向打出，完整释放可造成高额的内功伤害。#r#Color_SkillTipColor2粉蝶：#Color_Default每一段招式如果命中，可获得1只粉色蝴蝶，全部命中共可获得5只粉色蝴蝶。#r#r#Color_SkillTipColor3【江畔何人初见月？江月何年初照人？】","FaceDirectly":1,"Scope":"union(fan;self;6,90;3,6;|area;self;1;3,6;0;)","Category":1,"Money":202.77931033008,"SkillScore":"EvaScore3","Target":"Direction","MouseShortcut":["1","1","1","1"],"EffectTarget":"Enemy","MoneySum":202.77931033008,"MaxAngle":360,"LearnGrade":18,"GlobalCD":0,"SafeAreaForbidden":0,"Level":70,"DamagePoint2":0,"AttMode":"m","Status":0,"Targets":15,"Range":"0,6,-1,-1","DPSStatId":0,"ConsumeResource":"Mp,36","WhetherSuffer":0,"ExperienceSum":2503.44827568,"Damagable":1,"throughWall":0,"SpeedInfluenced":0,"SkillEvent":"SuWenAtt;","TargetExceedRangePolicy":0}