{"Break":0,"Holding":1,"HavokPathId":"47900193;true;","MaxPlayerTargets":15,"Experience":0,"CastingPoint":0,"CDInFightStatus":0,"SkillCalculate":0,"AnimationDuration":0,"Recover":0,"SafeAreaForbidden":0,"Damagable":1,"TotalLevel":70,"CD":10,"Name":"步月","DamagePoint2":0,"ID":91646201,"Display":"素问快速闪身到目标前，丝带斜挥，伤害并且#Color_SkillTipColor5浮空#Color_Default身前的敌人。#r#Color_SkillTipColor2粉蝶：#Color_Default如若命中，可获得1只粉色蝴蝶。#r#r#Color_SkillTipColor3【暗香疏影，乘风步月】","FaceDirectly":1,"Category":2,"ConsumeResource":"Mp,45","MainSkillId":916460,"Target":"None","MaxAngle":360,"EffectTarget":"Self","MoneySum":0,"Requirement":"0,6;","FirePointHeight":100,"GlobalCD":0,"GoodOrBad":-1,"Status":0,"WhetherSuffer":0,"AttMode":"h","Targets":15,"Level":70,"Money":0,"DPSStatId":0,"Range":"0,18,-1,-1","MouseShortcut":["1","1","1","1"],"MixHurtTargets":6,"ExperienceSum":0,"throughWall":0,"SpeedInfluenced":0,"SkillEvent":"SuWenAtt;","TargetExceedRangePolicy":0}