{"Break":0,"Holding":1,"LearnType":"LearnType1","Requirement":"0,6;","MaxPlayerTargets":6,"Experience":4418.96551692,"CastingPoint":0,"CDInFightStatus":0,"SkillCalculate":1.896551724,"AnimationDuration":0,"Recover":2.2,"SafeAreaForbidden":0,"GoodOrBad":-1,"TotalLevel":70,"CD":30,"Name":"空雪","MixHurtTargets":6,"ID":91658001,"Display":"素问射出丝带缠住周围敌人，以柔克刚。缕缕丝带纤丝，仿佛可拨千斤之力！将敌人拉回然后甩动起来，最后摔向前方，造成较高内功伤害。#r#Color_SkillTipColor2空雪：#Color_Default技能范围内有敌人时才可释放，甩动过程中敌方处于持续被控状态。#r#n#Color_SkillTipColor3【连空春雪明如洗，忽忆江清水见沙】","FaceDirectly":1,"Scope":"area;self;8;3,6;0;","Category":1,"Money":357.93620687052,"SkillScore":"EvaScore2","Target":"Direction","MouseShortcut":["1","1","1","1"],"EffectTarget":"Enemy","MoneySum":357.93620687052,"MaxAngle":360,"FirePointHeight":100,"GlobalCD":0,"LearnGrade":47,"Level":70,"DamagePoint2":0.1,"AttMode":"m","Targets":12,"Range":"0,15,-1,-1","Status":0,"DPSStatId":0,"ConsumeResource":"Mp,99","WhetherSuffer":0,"ExperienceSum":4418.96551692,"Damagable":1,"throughWall":0,"SpeedInfluenced":0,"SkillEvent":"SuWenAtt;","TargetExceedRangePolicy":0}