{"Break":0,"Holding":1,"LearnType":"LearnType2","MouseShortcut":["1","1","1","1"],"MaxPlayerTargets":15,"Experience":7055.17241328,"CastingPoint":0,"CDInFightStatus":0,"SkillCalculate":2.844827586,"AnimationDuration":0,"Recover":0.3,"SafeAreaForbidden":0,"Damagable":1,"TotalLevel":70,"CD":15,"Name":"惊羽：远程高伤害","MixHurtTargets":6,"ID":91650001,"Display":"素问以内力驱动多条丝带，朝目标区域打出，造成高额内功伤害。#r#Color_SkillTipColor2粉蝶：#Color_Default获得1只粉色蝴蝶。#r#Color_SkillTipColor3【争渡，争渡，惊起一滩鸥鹭】","FaceDirectly":1,"Category":1,"Money":571.46896547568,"SkillScore":"EvaScore3","Target":"Location","EffectTarget":"None","MoneySum":571.46896547568,"LearnGrade":50,"GlobalCD":0,"Level":70,"DamagePoint2":0,"FirePointHeight":100,"AttMode":"h","ExperienceSum":7055.17241328,"MaxAngle":360,"Status":0,"DPSStatId":0,"Range":"2,14,3,6","ConsumeResource":"Mp,45","Targets":15,"WhetherSuffer":0,"throughWall":0,"SpeedInfluenced":0,"GoodOrBad":-1,"TargetExceedRangePolicy":0}