{"Break":0,"Holding":2,"LearnType":"LearnType1","Requirement":"0,7;","MaxPlayerTargets":1,"Experience":0,"CastingPoint":0,"CDInFightStatus":0,"SkillCalculate":0,"AnimationDuration":0,"Recover":0,"FirePointHeight":100,"Damagable":0,"TotalLevel":1,"CD":0,"Name":"剑意追击","DamagePoint2":0,"ID":91705001,"Display":"#n#Color_SkillTipColor4剑招：#n#Color_Default在部分长剑、重剑技能#n#Color_SkillTipColor5释放后的短时间内#n#Color_Default，可释放本技能，进行#n#Color_SkillTipColor3剑意追击#n#Color_Default，追加额外技能招式。#r#n#Color_SkillTipColor4剑意：#n#Color_Default消耗50点剑意。#r#n#Color_SkillTipColor4剑心：#n#Color_Default击中敌人获得1点剑心。#r#r#n#Color_SkillTipColor3心剑意互通，剑意合一，剑在不在手，人在不在场，已无多大关系。","FaceDirectly":0,"Category":2,"Money":0,"MaxAngle":360,"SkillScore":"EvaScore1","Target":"Direction","LearnGrade":1,"EffectTarget":"None","MoneySum":0,"GoodOrBad":0,"Condition":"ret,ret2=(not(a.JianYi < 50 and a.HaveBuffs(640493)>0 and a.GetV(\"BlockUnderBeat\")==0) ),\"SKILL_CONDITION_NOT_ENOUGH_JYCHASE\"","GlobalCD":0,"MouseShortcut":["0","1","0","0"],"SafeAreaForbidden":1,"Level":1,"AttMode":"h","WhetherSuffer":0,"MixHurtTargets":7,"Range":"0,25,-1,-1","DPSStatId":0,"Targets":1,"ExperienceSum":0,"Status":0,"DPSType":1,"throughWall":0,"SpeedInfluenced":0,"SkillEvent":"JYChasePanDing;NoAtt;","TargetExceedRangePolicy":0}