{"Break":0,"Holding":2,"LearnType":"LearnType2","Requirement":"0,7;","MaxPlayerTargets":1,"Experience":977.77777776,"DPSType":1,"CDInFightStatus":0,"SkillCalculate":2.037037037,"AnimationDuration":0,"Recover":0,"FirePointHeight":100,"Level":70,"TotalLevel":70,"CD":30,"Name":"青龙怒·主技能","MixHurtTargets":7,"ID":91704001,"Display":"#n#Color_Default战意凝聚，仿佛青龙临世。#r#n#Color_SkillTipColor4青龙怒：#n#Color_Default移动速度提升#n#Color_SkillTipColor525%#n#Color_Default，持续#n#Color_SkillTipColor58秒#n#Color_Default。#r#n#Color_SkillTipColor4万般皆气：#n#cbf87ff部分技能#n#Color_Default在造成伤害时，会额外在目标头顶召唤#n#cbf87ff1柄气剑#n#Color_Default，插下造成内功伤害！","FaceDirectly":1,"Category":2,"Money":79.19999999856,"SkillScore":"EvaScore3","Target":"None","MaxAngle":360,"EffectTarget":"None","MoneySum":79.19999999856,"SafeAreaForbidden":1,"Damagable":1,"GlobalCD":0,"LearnGrade":10,"MouseShortcut":["0","1","0","0"],"GoodOrBad":1,"AttMode":"h","WhetherSuffer":0,"Status":0,"DamagePoint2":0,"DPSStatId":0,"Range":"0,15,-1,-1","Targets":1,"ExperienceSum":977.77777776,"CastingPoint":0,"throughWall":0,"SpeedInfluenced":0,"SkillEvent":"NoAtt;LoingYinQingLong;NoClientMotion;","TargetExceedRangePolicy":0}