{"Break":0,"Holding":1,"LearnType":"LearnType2","Requirement":"0,7;","MaxPlayerTargets":10,"Experience":2199.99999996,"DPSType":1,"CDInFightStatus":0,"EffectTargetCondition":"ret = (d:GetSubBuffsCount(650044, a:GetPlayerId())>0)","AnimationDuration":0,"LearnGrade":22,"FirePointHeight":100,"GoodOrBad":0,"TotalLevel":70,"CD":12,"Name":"苍龙刺心剑","DamagePoint2":0.1,"ID":91707001,"Display":"#n#Color_SkillTipColor4被动：#n#Color_Default龙吟的#n#Color_SkillTipColor5所有气剑#n#Color_Default命中之后会插在敌人身体中，持续#n#Color_SkillTipColor58秒#n#Color_Default，最多叠加#n#Color_SkillTipColor510#n#Color_Default柄。#r#n#Color_SkillTipColor4主动：#n#Color_Default引爆自身周围#n#Color_SkillTipColor510丈#n#Color_Default范围内所有插有气剑的敌人，根据#n#Color_SkillTipColor5身上气剑的数量#n#Color_Default造成伤害。#r#n#Color_SkillTipColor4共鸣：#n#Color_Default巨剑也能引爆周围#n#Color_SkillTipColor55丈#n#Color_Default范围内的敌人，且同时处于龙吟和巨剑引爆范围内的敌人将受到#n#Color_SkillTipColor51.5倍#n#Color_Default伤害。","FaceDirectly":1,"Scope":"area;self;10;3,5;0;","Category":1,"MaxAngle":0,"Money":178.19999999676,"CastingPoint":0,"SkillScore":"EvaScore3","Target":"Direction","Damagable":0,"EffectTarget":"Enemy","MoneySum":178.19999999676,"SkillCalculate":2.037037037,"HitRate":"ret=1000","GlobalCD":0,"MouseShortcut":["0","1","0","0"],"SafeAreaForbidden":1,"Level":70,"AttMode":"m","Targets":30,"MixHurtTargets":7,"Range":"0,15,-1,-1","DPSStatId":0,"OnMoveToHotBuff":"64047701","ExperienceSum":2199.99999996,"WhetherSuffer":0,"Status":0,"throughWall":0,"SpeedInfluenced":0,"Recover":0.3,"TargetExceedRangePolicy":0}