{"Break":0,"Holding":1,"LearnType":"LearnType2","Requirement":"0,7;","MaxPlayerTargets":1,"Experience":6966.66666768,"DPSType":1,"CDInFightStatus":0,"SkillCalculate":3.055555556,"AnimationDuration":0,"Recover":0.6,"SafeAreaForbidden":0,"Damagable":1,"TotalLevel":70,"CD":24,"Name":"龙飞九天","DamagePoint2":0.3,"ID":91711001,"FaceDirectly":1,"Scope":"union(fan;self;4,85;2,5;|area;self;1;2,5;0;)","Category":1,"Money":564.30000008208,"MouseShortcut":["1","1","0","0"],"SkillScore":"EvaScore4","Target":"Enemy","FirePointHeight":100,"EffectTarget":"Enemy","MoneySum":564.30000008208,"CastingPoint":0,"GoodOrBad":-1,"SetCDWhenInterrupt":"-1","MaxAngle":0,"GlobalCD":0,"MixHurtTargets":7,"AttMode":"m","Targets":1,"Range":"0,18,-1,-1","WhetherSuffer":0,"DPSStatId":0,"Status":0,"ExperienceSum":6966.66666768,"TraceWeaponType":0,"LearnGrade":46,"throughWall":0,"SpeedInfluenced":0,"Level":70,"TargetExceedRangePolicy":0}