{"Break":0,"Holding":1,"LearnType":"LearnType1","Requirement":"0,7;","MaxPlayerTargets":12,"Experience":4746.29629621,"DPSType":1,"CDInFightStatus":0,"SkillCalculate":2.037037037,"AnimationDuration":0,"LearnGrade":47,"FirePointHeight":100,"GoodOrBad":-1,"TotalLevel":70,"CD":10,"Name":"小剑砸下","MixHurtTargets":7,"ID":91741001,"Display":"#n#Color_Default在鼠标位置生成一柄气剑插下，造成内功雷属性伤害！","FaceDirectly":1,"Scope":"area;target;3;3,5;0;","Category":1,"Money":384.44999999301,"SkillScore":"EvaScore3","Target":"Location","MouseShortcut":["0","1","0","0"],"EffectTarget":"Enemy","MoneySum":384.44999999301,"Recover":0.2,"Damagable":1,"GlobalCD":0,"CastingPoint":0,"SafeAreaForbidden":0,"Level":70,"AttMode":"m","Status":0,"DamagePoint2":0.167,"Targets":24,"DPSStatId":0,"Range":"0,15,-1,-1","SetCDWhenInterrupt":"-1","ExperienceSum":4746.29629621,"WhetherSuffer":0,"throughWall":0,"SpeedInfluenced":0,"MaxAngle":0,"TargetExceedRangePolicy":0}