{"Break":0,"Holding":2,"LearnType":"LearnType2","MouseShortcut":["0","1","0","0"],"MaxPlayerTargets":12,"Experience":4033.33333326,"DPSType":1,"CDInFightStatus":0,"Condition":"ret,ret2 = (not a:IsFlying()),\"SWORDCONTROL_SKILL_UNAVAILABLE\"","AnimationDuration":0,"StepSkillId":"917431;917432;","LearnGrade":40,"FirePointHeight":100,"Damagable":1,"TotalLevel":70,"CD":12,"Name":"气剑操控","MixHurtTargets":7,"ID":91743001,"Display":"剑意散于天地之间，引发周围小剑同受感应，立即召回附近一定数量的小剑，小剑会环绕自身自发抵御敌人的攻击，吸收一定的伤害。#r#n#Color_SkillTipColor4召回：#n#Color_Default小剑召回时会对路径上的敌人造成伤害和击倒效果。#r#n#Color_SkillTipColor4齐出：#n#Color_Default再次按下技能操纵护身小剑全数飞出，攻击目标。","FaceDirectly":0,"Category":2,"Money":326.69999999406,"SkillScore":"EvaScore3","Target":"None","Requirement":"0,7;","EffectTarget":"Self","MoneySum":326.69999999406,"CastingPoint":0,"SkillCalculate":2.037037037,"GlobalCD":0,"WhetherSuffer":0,"Recover":0,"Targets":24,"AttMode":"h","Status":0,"SafeAreaForbidden":1,"GoodOrBad":1,"DPSStatId":0,"DamagePoint2":0,"Range":"0,15,-1,-1","ExperienceSum":4033.33333326,"Level":70,"throughWall":0,"SpeedInfluenced":0,"MaxAngle":360,"TargetExceedRangePolicy":0}