{"Break":0,"MaxAngle":0,"LearnType":"LearnType1","Requirement":"0,7;","MaxPlayerTargets":10,"Experience":4338.88888881,"DPSType":1,"CDInFightStatus":0,"SkillCalculate":2.037037037,"AnimationDuration":0,"StepSkillId":"917451;917452;","LearnGrade":43,"SafeAreaForbidden":1,"Damagable":0,"TotalLevel":70,"CD":28,"Name":"风雷步","DamagePoint2":0,"ID":91745001,"FaceDirectly":1,"Category":2,"Money":351.44999999361,"SkillScore":"EvaScore3","Target":"None","EffectTarget":"None","MoneySum":351.44999999361,"MouseShortcut":["0","1","0","0"],"GlobalCD":0,"CastingPoint":0,"Holding":1,"ExperienceSum":4338.88888881,"AttMode":"m","WhetherSuffer":0,"Targets":30,"GoodOrBad":0,"DPSStatId":0,"MixHurtTargets":7,"Range":"0,15,-1,-1","Level":70,"Status":0,"throughWall":0,"SpeedInfluenced":0,"Recover":0,"TargetExceedRangePolicy":0}