{"Break":0,"Holding":1,"Requirement":"0,7;","MaxPlayerTargets":10,"Experience":0,"DPSType":1,"CDInFightStatus":0,"SkillCalculate":0,"AnimationDuration":0,"Recover":0,"SafeAreaForbidden":1,"Damagable":0,"TotalLevel":70,"CD":28,"Name":"风雷步关闭","MixHurtTargets":7,"ID":91745201,"FaceDirectly":1,"Category":2,"Money":0,"MainSkillId":917450,"Target":"None","EffectTarget":"Enemy","MoneySum":0,"CastingPoint":0,"GlobalCD":0,"Level":70,"ExperienceSum":0,"DamagePoint2":0,"AttMode":"m","Status":0,"GoodOrBad":0,"WhetherSuffer":0,"DPSStatId":0,"Targets":30,"Range":"0,15,-1,-1","MouseShortcut":["0","1","0","0"],"MaxAngle":0,"throughWall":0,"SpeedInfluenced":0,"SkillEvent":"NoAtt;LongYinSwordControl;NoClientMotion;","TargetExceedRangePolicy":0}