{"Break":0,"Holding":2,"Requirement":"0,7;","MaxPlayerTargets":10,"Experience":0,"DPSType":1,"CDInFightStatus":0,"SkillCalculate":0,"AnimationDuration":0,"Recover":0,"SafeAreaForbidden":1,"GoodOrBad":0,"TotalLevel":70,"CD":28,"Name":"风雷步开启","MixHurtTargets":7,"ID":91745101,"FaceDirectly":1,"Category":2,"Money":0,"MainSkillId":917450,"Target":"None","EffectTarget":"None","MoneySum":0,"CastingPoint":0,"Condition":"ret,ret2 = (not a:HasStatus(\"PoKong\")),\"POKONG_SKILL_UNAVAILABLE\"\n","GlobalCD":0,"Damagable":0,"DamagePoint2":0,"Level":70,"AttMode":"m","ExperienceSum":0,"WhetherSuffer":0,"Targets":30,"DPSStatId":0,"Range":"0,15,-1,-1","Status":0,"MouseShortcut":["0","1","0","0"],"MaxAngle":0,"throughWall":0,"SpeedInfluenced":0,"SkillEvent":"NoAtt;CastDuringControlled;","TargetExceedRangePolicy":0}