{"Break":0,"Holding":2,"Requirement":"0,7;","MaxPlayerTargets":12,"Experience":0,"CastingPoint":0,"CDInFightStatus":0,"SkillCalculate":0,"AnimationDuration":0,"Recover":0,"SafeAreaForbidden":1,"GoodOrBad":1,"TotalLevel":70,"CD":12,"Name":"气剑操控收回","DamagePoint2":0,"ID":91743101,"Display":"=BG85","FaceDirectly":0,"Category":2,"Money":0,"MainSkillId":917430,"Target":"None","DPSType":1,"EffectTarget":"Self","MoneySum":0,"Condition":"ret,ret2 = (not a:IsFlying()),\"SWORDCONTROL_SKILL_UNAVAILABLE\"","FirePointHeight":100,"GlobalCD":0,"Damagable":1,"Level":70,"WhetherSuffer":0,"AttMode":"h","ExperienceSum":0,"Status":0,"Targets":24,"DPSStatId":0,"Range":"0,15,-1,-1","MixHurtTargets":7,"MouseShortcut":["0","1","0","0"],"MaxAngle":360,"throughWall":0,"SpeedInfluenced":0,"SkillEvent":"NoAtt;LongYinSwordControl;NoClientMotion;","TargetExceedRangePolicy":0}