{"Break":0,"Holding":2,"Requirement":"0,7;","MaxPlayerTargets":12,"Experience":0,"CastingPoint":0,"CDInFightStatus":0,"Condition":"ret,ret2 = not a:IsFlying(),\"SWORDCONTROL_SKILL_UNAVAILABLE\"","SkillCDBelong":917431,"AnimationDuration":0,"Recover":0,"FirePointHeight":100,"Damagable":1,"TotalLevel":70,"CD":12,"Name":"气剑操控齐射","DamagePoint2":0,"ID":91743201,"Display":"操纵护身小剑全数飞出，攻击目标。","FaceDirectly":0,"Category":2,"Money":0,"MainSkillId":917430,"DPSType":1,"Target":"Enemy","SkillCalculate":0,"EffectTarget":"Enemy","MoneySum":0,"MaxAngle":360,"HitRate":"ret=1000","GlobalCD":0,"MouseShortcut":["0","1","0","0"],"Level":70,"WhetherSuffer":0,"AttMode":"m","ExperienceSum":0,"Range":"0,15,-1,-1","Targets":24,"DPSStatId":0,"Status":0,"MixHurtTargets":7,"GoodOrBad":-1,"SafeAreaForbidden":0,"throughWall":0,"SpeedInfluenced":0,"SkillEvent":"NoAtt;LongYinSwordControl;NoClientMotion;","TargetExceedRangePolicy":0}