{"Break":10,"Holding":1,"LearnType":"LearnType2","MouseShortcut":["0","1","0","0"],"MaxPlayerTargets":20,"Experience":3512.90322504,"CastingPoint":0,"CDInFightStatus":0,"SkillCalculate":1.774193548,"AnimationDuration":0,"Recover":1.1,"SafeAreaForbidden":1,"Damagable":1,"TotalLevel":70,"CD":5,"Name":"离恨","MixHurtTargets":6,"ID":91809001,"FaceDirectly":0,"Category":1,"Money":284.54516122824,"SkillScore":"EvaScore2","Target":"None","EffectTarget":"None","MoneySum":284.54516122824,"LearnGrade":40,"GlobalCD":0,"ExperienceSum":3512.90322504,"Status":0,"GoodOrBad":1,"AttMode":"h","Targets":20,"MaxAngle":0,"Range":"0,12,-1,-1","DPSStatId":0,"ConsumeResource":"Mp,50","Level":70,"OnMoveToHotBuff":"64094201","WhetherSuffer":0,"throughWall":0,"SpeedInfluenced":0,"DamagePoint2":0.9,"TargetExceedRangePolicy":0}