{"Break":0,"Holding":1,"LearnType":"LearnType1","MouseShortcut":["1","1","0","0"],"MaxPlayerTargets":20,"Experience":3779.03225724,"CastingPoint":0,"CDInFightStatus":0,"SkillCalculate":1.774193548,"AnimationDuration":0,"StepSkillId":"918200;918201;","Recover":0,"SafeAreaForbidden":0,"Damagable":1,"TotalLevel":70,"CD":15,"Name":"摄神追命 ","MixHurtTargets":6,"ID":91818001,"FaceDirectly":1,"Scope":"area;target;2;3,5;0;","Category":2,"Money":306.10161283644,"SkillScore":"EvaScore2","Target":"Location","EffectTarget":"Enemy","MoneySum":306.10161283644,"GlobalCD":0,"MaxAngle":0,"ExperienceSum":3779.03225724,"LearnGrade":43,"AttMode":"h","Status":0,"GoodOrBad":-1,"DamagePoint2":0,"DPSStatId":0,"Range":"0,13,-1,-1","ConsumeResource":"Mp,23","Targets":20,"WhetherSuffer":0,"throughWall":0,"SpeedInfluenced":0,"Level":70,"TargetExceedRangePolicy":1}