{"Break":0,"Holding":1,"MouseShortcut":["1","1","0","0"],"MaxPlayerTargets":20,"Experience":0,"CastingPoint":0,"CDInFightStatus":0,"SkillCalculate":0,"AnimationDuration":0,"Recover":0.33,"SafeAreaForbidden":0,"GoodOrBad":-1,"TotalLevel":70,"CD":15,"Name":"摄神追命 ","MixHurtTargets":6,"ID":91820001,"Range":"0,13,-1,-1","Scope":"area;target;3;3,5;0;","Category":1,"ConsumeResource":"Mp,23","MainSkillId":918180,"Target":"Location","EffectTarget":"Enemy","MoneySum":0,"GlobalCD":0,"DamagePoint2":0.3,"Condition":"ret,ret2 = a.GetPetCount(18000048,18000049,18000050,18000051,18000052,18000053,18000102,18000055) > 0 ,\"CAST_WITHOUT_ALLPET\"","Money":0,"AttMode":"h","ExperienceSum":0,"Damagable":1,"Targets":20,"DPSStatId":918180,"WhetherSuffer":0,"MaxAngle":0,"Status":0,"FaceDirectly":1,"throughWall":0,"SpeedInfluenced":0,"Level":70,"TargetExceedRangePolicy":1}