{"Break":10,"Holding":2,"LearnType":"LearnType2","Requirement":"0,8;","MaxPlayerTargets":1,"Experience":1916.12903184,"CastingPoint":0,"CDInFightStatus":0,"SkillCalculate":1.774193548,"AnimationDuration":0,"Recover":0,"SafeAreaForbidden":1,"GoodOrBad":1,"TotalLevel":70,"CD":60,"Name":"聚蛊","MixHurtTargets":6,"ID":91824001,"FaceDirectly":0,"Category":1,"ConsumeResource":"Mp,45","SkillScore":"EvaScore2","Target":"None","EffectTarget":"None","MoneySum":155.20645157904,"WhetherSuffer":0,"Level":70,"GlobalCD":0,"Damagable":1,"LearnGrade":22,"MaxAngle":360,"AttMode":"h","ExperienceSum":1916.12903184,"MouseShortcut":["0","1","0","0"],"Range":"0,25,-1,-1","DPSStatId":0,"Money":155.20645157904,"Targets":1,"OnMoveToHotBuff":"64215201","Status":0,"throughWall":0,"SpeedInfluenced":0,"DamagePoint2":0,"TargetExceedRangePolicy":0}