{"Break":0,"Holding":1,"MouseShortcut":["1","1","0","0"],"MaxPlayerTargets":20,"Experience":0,"CastingPoint":0,"CDInFightStatus":0,"SkillCalculate":0,"AnimationDuration":0,"Recover":0.1,"SafeAreaForbidden":0,"GoodOrBad":1,"TotalLevel":70,"CD":15,"Name":"摄神追命 ","DamagePoint2":0.1,"ID":91820101,"Range":"0,20,-1,-1","Category":1,"Money":0,"MainSkillId":918180,"Target":"None","EffectTarget":"None","MoneySum":0,"GlobalCD":0,"Damagable":0,"Status":0,"MixHurtTargets":6,"AttMode":"h","Targets":20,"Condition":"local telx = a.GetV(\"TelX\");\nlocal tely = a.GetV(\"TelY\");\nlocal telz = a.GetV(\"TelZ\");\nret,ret2 =  (a.PixelDistance(telx,tely,telz) <= 25*64),\"CAST_DIST_TOO_FAR\"","Level":70,"DPSStatId":918180,"WhetherSuffer":0,"ConsumeResource":"Mp,5","FaceDirectly":0,"MaxAngle":0,"throughWall":0,"SpeedInfluenced":0,"ExperienceSum":0,"TargetExceedRangePolicy":0}