{"Break":0,"Holding":1,"HavokPathId":"47900165;true;","MaxPlayerTargets":20,"Experience":0,"CastingPoint":0,"CDInFightStatus":0,"SkillCalculate":0,"AnimationDuration":0,"Recover":0.6,"SafeAreaForbidden":0,"GoodOrBad":0,"TotalLevel":70,"CD":15,"Name":"长风散魂·破浪","MixHurtTargets":6,"HavokPathNoZoom":"1","ID":91859501,"FaceDirectly":1,"Category":1,"Money":0,"MainSkillId":918590,"FirePointHeight":100,"Target":"Direction","Damagable":1,"EffectTarget":"None","MoneySum":0,"Requirement":"0,8;","HitRate":"ret=1000","GlobalCD":0,"DamagePoint2":0,"Level":70,"MaxAngle":0,"AttMode":"m","ExperienceSum":0,"ConsumeResource":"Mp,27","WhetherSuffer":0,"DPSStatId":0,"Status":0,"Targets":20,"Range":"0,15,-1,-1","MouseShortcut":["1","1","1","1"],"throughWall":0,"SpeedInfluenced":0,"SkillEvent":"NoAtt;BreakJLHitRecover;","TargetExceedRangePolicy":0}