{"Break":0,"Holding":1,"LearnType":"LearnType2","Requirement":"0,8;","MaxPlayerTargets":20,"Experience":141.93548384,"CastingPoint":0,"CDInFightStatus":0,"SkillCalculate":1.774193548,"AnimationDuration":0,"LearnGrade":2,"SafeAreaForbidden":0,"Level":70,"TotalLevel":70,"CD":10,"Name":"刺魂击","NewActionsDamagePoint":[0.17],"NewActionsScope":"line;self;18,9;3,5;","FaceDirectly":1,"Scope":"fan;self;3,90;3,5;180;","Category":1,"Recover":0.5,"Money":11.49677419104,"GoodOrBad":-1,"SkillScore":"EvaScore2","Target":"Direction","FirePointHeight":60,"EffectTarget":"Enemy","MoneySum":11.49677419104,"Damagable":1,"HitRate":"ret=1000","GlobalCD":0,"MouseShortcut":["0"],"MixHurtTargets":6,"ID":91857001,"AttMode":"m","Targets":20,"Range":"0,16,-1,-1","ConsumeResource":"Mp,25","DPSStatId":0,"Status":0,"ExperienceSum":141.93548384,"WhetherSuffer":0,"MaxAngle":0,"throughWall":0,"SpeedInfluenced":0,"DamagePoint2":0.17,"TargetExceedRangePolicy":0}