{"Break":0,"MaxAngle":0,"Requirement":"0,8;","MaxPlayerTargets":20,"Experience":0,"CastingPoint":0,"CDInFightStatus":0,"SkillCalculate":0,"AnimationDuration":0,"Recover":0.8,"SafeAreaForbidden":0,"Level":70,"TotalLevel":70,"CD":15,"Name":"长风散魂","MixHurtTargets":6,"NewActionsScope":"union(fan;self;14,23;3,5;|line;self;14,4,1;3,4;0;)","Range":"0,15,-1,-1","Category":1,"FirePointHeight":100,"ConsumeResource":"Mp,36","MainSkillId":918590,"DamagePoint2":0,"Target":"Direction","FakeRecover":"Recover_918590;1.3;","EffectTarget":"None","MoneySum":0,"NewActionsDamagePoint":[1.7],"HitRate":"ret=1000","GlobalCD":0,"Damagable":1,"Holding":1,"Targets":20,"AttMode":"m","ExperienceSum":0,"Money":0,"WhetherSuffer":0,"DPSStatId":0,"Status":0,"FaceDirectly":1,"MouseShortcut":["1","1","1","1"],"ID":91859401,"throughWall":0,"SpeedInfluenced":0,"GoodOrBad":0,"TargetExceedRangePolicy":0}