{"Break":0,"Holding":1,"LearnType":"LearnType2","MouseShortcut":["1","1","1","1"],"MaxPlayerTargets":20,"Experience":2980.64516064,"CastingPoint":0,"CDInFightStatus":0,"SkillCalculate":1.774193548,"AnimationDuration":0,"StepSkillId":"918594;918595;","Recover":0,"SafeAreaForbidden":0,"Level":70,"TotalLevel":70,"CD":15,"Name":"长风散魂","MixHurtTargets":6,"ID":91859001,"FaceDirectly":1,"Category":2,"Money":241.43225801184,"SkillScore":"EvaScore2","Target":"Direction","Requirement":"0,8;","EffectTarget":"None","MoneySum":241.43225801184,"FirePointHeight":100,"HitRate":"ret=1000","GlobalCD":0,"Damagable":1,"LearnGrade":34,"Status":0,"AttMode":"m","WhetherSuffer":0,"GoodOrBad":0,"DamagePoint2":0,"DPSStatId":0,"Range":"0,15,-1,-1","ConsumeResource":"Mp,36","Targets":20,"ExperienceSum":2980.64516064,"throughWall":0,"SpeedInfluenced":0,"MaxAngle":0,"TargetExceedRangePolicy":0}