{"Break":0,"Holding":1,"LearnType":"LearnType2","HavokPathId":"47900010;true;","MaxPlayerTargets":20,"Experience":2792.30769224,"CastingPoint":0,"CDInFightStatus":0,"SkillCalculate":3.173076923,"AnimationDuration":0,"Recover":2.5,"SafeAreaForbidden":0,"GoodOrBad":-1,"TotalLevel":70,"CD":6,"Name":"荆轲现匕","DamagePoint2":1.2,"HavokPathNoZoom":"1","ID":92101001,"Display":"汇#Color_SkillTipColor7聚真气，然后瞬间迸发，完成向前的全力一刺，造成瞬间高伤害。#r#Color_SkillTipColor3无尽刃：若击中目标，获得一个无尽刃。#r#Color_SkillTipColor2连击起手：可以触发其他技能的连击效果。#r连击效果：出招大大加快，伤害降低。\n\n#c88d7ff【进阶】9级时获得#r#cffc20c逐风：技能整体伤害提升15.1%","FaceDirectly":1,"Scope":"line;self;10,3,2;5,5;","Category":1,"Money":226.17692307144,"MouseShortcut":["1","1","0","0"],"SkillScore":"EvaScore4","Target":"Direction","FirePointHeight":100,"EffectTarget":"Enemy","MoneySum":226.17692307144,"ComboSkill":921011,"LearnGrade":18,"GlobalCD":0,"MixHurtTargets":6,"Level":70,"ExperienceSum":2792.30769224,"AttMode":"p","Targets":100,"Range":"0,5,2,2","WhetherSuffer":0,"DPSStatId":0,"MaxAngle":0,"Status":0,"ComboInRecover":"1.5;2.8;921010,921020,921030,921040,911040,911110,921070,911140,921050,911020,911130,911080,911090,911070,911240,911120,911001,911100,921100,911003,961205,911080,911250;","Damagable":1,"throughWall":0,"SpeedInfluenced":0,"Requirement":"0,3|0,1;","TargetExceedRangePolicy":0}