{"Break":0,"Channel2":"2;2.7;0.25;","Holding":1,"LearnType":"LearnType1","Requirement":"0,3|0,1;","MaxPlayerTargets":1,"Experience":95.19230769,"CastingPoint":0,"CDInFightStatus":0,"SkillCalculate":3.173076923,"AnimationDuration":5,"Recover":3.5,"FirePointHeight":100,"GoodOrBad":-1,"TotalLevel":70,"CD":7,"Name":"百裂千击","MixHurtTargets":6,"ID":92103001,"Display":"#Color_SkillTipColor7以疾风之势在2.5秒内迅速向前挥砍12下，对敌人造成伤害。#r#Color_SkillTipColor3无尽刃：击中敌人获得一个无尽刃。#r#Color_SkillTipColor2连击起手：可以触发其他技能的连击效果。#r连击效果：挥砍时间变为1.4秒，总伤害不变。\n\n#c88d7ff【进阶】9级时获得#r#cffc20c断情：技能会心提升200（约15.2%）#r#cffc20c逐风：技能整体伤害提升15.1%","FaceDirectly":1,"Category":1,"Money":7.71057692289,"Damagable":1,"SkillScore":"EvaScore4","Target":"Direction","MaxAngle":0,"EffectTarget":"None","MoneySum":7.71057692289,"ComboSkill":921032,"HitRate":"ret=1000","GlobalCD":0,"MouseShortcut":["1","1","0","0"],"SafeAreaForbidden":0,"Level":70,"AttMode":"p","Targets":1,"DamagePoint2":0,"Status":0,"DPSStatId":0,"Range":"0,6,0,5","WhetherSuffer":0,"ComboInRecover":"0.55;3;921010,921020,921030,921040,911040,911110,921070,911140,921050,911020,911130,911080,911090,911070,911240,911120,911001,911100,921100,911003,961205,911080,911250;","ExperienceSum":95.19230769,"throughWall":0,"SpeedInfluenced":0,"LearnGrade":1,"TargetExceedRangePolicy":0}