{"Break":0,"Holding":1,"LearnType":"LearnType2","Requirement":"0,3|0,1;","MaxPlayerTargets":20,"Experience":1205.76923074,"CastingPoint":0,"CDInFightStatus":0,"SkillCalculate":3.173076923,"AnimationDuration":0,"Recover":1.8,"SafeAreaForbidden":0,"Level":70,"TotalLevel":70,"CD":13,"Name":"刹那","DamagePoint2":0.4,"ID":92102001,"Display":"#Color_SkillTipColor7碎梦向前突进环绕一圈，回到原地，将环绕的圆形范围内的目标全部聚拢定身，并造成伤害。#r#Color_SkillTipColor2在突进过程中，碎梦处于无敌状态。#r#Color_SkillTipColor3无尽刃：击中敌人获得一个无尽刃。#r#Color_SkillTipColor2连击起手：可以触发其他技能的连击效果。#r连击效果：出招更快。\n\n#c88d7ff【进阶】9级时获得#r#cffc20c无涯：命中目标后造成定身#r#cffc20c逐风：技能整体伤害提升15.1%","FaceDirectly":1,"Scope":"area;selfoffset,5;5;5,5;0;","Category":1,"Money":97.66730768994,"MaxAngle":0,"SkillScore":"EvaScore4","Target":"Direction","FirePointHeight":100,"EffectTarget":"Enemy","MoneySum":97.66730768994,"ComboSkill":921021,"LearnGrade":8,"SetCDWhenInterrupt":"-1","Damagable":1,"MouseShortcut":["1","1","0","0"],"ExperienceSum":1205.76923074,"AttMode":"p","Targets":100,"Range":"0,4,2,2","Status":0,"DPSStatId":0,"WhetherSuffer":0,"GlobalCD":0,"ComboInRecover":"0.7;2.1;921010,921020,921030,921040,911040,911110,921070,911140,921050,911020,911130,911080,911090,911070,911240,911120,911001,911100,921100,911003,961205,911080,911250;","MixHurtTargets":6,"throughWall":0,"SpeedInfluenced":0,"GoodOrBad":-1,"TargetExceedRangePolicy":0}