{"Break":0,"Holding":1,"LearnType":"LearnType1","Requirement":"0,3|0,1|0,2;","MaxPlayerTargets":20,"Experience":95.19230769,"CastingPoint":0,"CDInFightStatus":0,"SkillCalculate":3.173076923,"AnimationDuration":0,"LearnGrade":1,"SafeAreaForbidden":0,"Level":70,"TotalLevel":70,"CD":0,"Name":"碎影","MixHurtTargets":6,"ID":92110001,"Display":"对前方的敌人连斩三刀，造成伤害。#r#Color_SkillTipColor3无尽刃：击中敌人获得一个无尽刃。#r#Color_SkillTipColor2连击起手：可以触发其他技能的连击效果。#r连击效果：消耗#Color_SkillTipColor410#Color_SkillTipColor2劲力，向前方翻滚突进斩，对沿途敌人造成伤害。\n\n#c88d7ff【进阶】9级时获得#r#cffc20c逐风：技能整体伤害提升15.1%","FaceDirectly":1,"Scope":"fan;self;4,70;2,3;","MaxAngle":-1,"Category":1,"GoodOrBad":-1,"Money":7.71057692289,"Damagable":1,"SkillScore":"EvaScore4","Target":"Direction","FirePointHeight":100,"EffectTarget":"Enemy","MoneySum":7.71057692289,"ComboSkill":921101,"HitRate":"ret=1000","GlobalCD":0,"MouseShortcut":["1","1","1","1"],"HavokOffset":"1","Range":"0,3,2,2","AttMode":"p","Targets":100,"ConsumeResource":"Pow,0","WhetherSuffer":0,"DPSStatId":921100,"Status":0,"ExperienceSum":95.19230769,"ComboInRecover":"0.7;1.2;921010,921020,921030,921040,911040,911110,921070,911140,921050,911020,911130,911080,911090,911070,911240,911120,911001,911100,921100,911003,961205,911080,911250;","DamagePoint2":0,"throughWall":0,"SpeedInfluenced":0,"Recover":0.9,"TargetExceedRangePolicy":0}