{"Break":0,"MaxAngle":0,"LearnType":"LearnType1","Requirement":"0,2;","MaxPlayerTargets":20,"Experience":6441.34615369,"CastingPoint":0,"CDInFightStatus":0,"SkillCalculate":3.173076923,"AnimationDuration":0,"LearnGrade":41,"FirePointHeight":80,"Level":70,"TotalLevel":70,"CD":2,"Name":"炼火拳","MixHurtTargets":6,"ID":92209001,"Display":"前冲重拳，对前方敌人造成致命打击并附带#Color_SkillTipColor5重创#Color_Default效果。消耗怒气会使威力提升。","FaceDirectly":1,"Category":2,"Money":521.74903844889,"SkillScore":"EvaScore4","Target":"Direction","EffectTarget":"None","MoneySum":521.74903844889,"Damagable":1,"SafeAreaForbidden":0,"GlobalCD":0,"GoodOrBad":-1,"Recover":0,"MouseShortcut":["1","1","1","1"],"AttMode":"p","ExperienceSum":6441.34615369,"Status":0,"DamagePoint2":0,"DPSStatId":0,"Range":"0,4,-1,-1","Targets":100,"WhetherSuffer":0,"Holding":1,"throughWall":0,"SpeedInfluenced":0,"SkillEvent":"NoAtt;TieYiRecoverCast;","TargetExceedRangePolicy":0}