{"Break":0,"Holding":1,"LearnType":"LearnType1","MouseShortcut":["1","1","1","1"],"MaxPlayerTargets":20,"Experience":95.19230769,"CastingPoint":0,"CDInFightStatus":0,"SkillCalculate":3.173076923,"AnimationDuration":0,"StepSkillId":"922031;922032;922033;","LearnGrade":1,"FirePointHeight":80,"Level":70,"TotalLevel":70,"CD":0,"Name":"劈云拳","MixHurtTargets":6,"ID":92203001,"Display":"基础拳法，攻击前方敌人，命中敌人后获得怒气。","FaceDirectly":1,"Category":2,"Money":7.71057692289,"SkillScore":"EvaScore4","Target":"None","EffectTarget":"Enemy","MoneySum":7.71057692289,"Recover":0,"GlobalCD":0,"MaxAngle":0,"Requirement":"0,2;","ExperienceSum":95.19230769,"AttMode":"p","Targets":100,"SafeAreaForbidden":0,"GoodOrBad":-1,"DPSStatId":0,"DamagePoint2":0,"Range":"0,3,-1,-1","WhetherSuffer":0,"Status":0,"throughWall":0,"SpeedInfluenced":0,"Damagable":1,"TargetExceedRangePolicy":0}