{"Break":0,"Holding":1,"HavokPathId":"47900324;false;","MaxPlayerTargets":20,"Experience":0,"CastingPoint":0,"CDInFightStatus":0,"SkillCalculate":0,"AnimationDuration":0,"Recover":0.22,"SafeAreaForbidden":0,"Level":70,"TotalLevel":70,"CD":0,"Name":"劈云拳","DamagePoint2":0.2,"ID":92203201,"Display":"第二段，勾拳攻击前方敌人，有概率击飞目标，命中后回复少量怒气。","FaceDirectly":1,"Scope":"union(fan;self;5,80;3,5;|area;self;1;3,5;0;)","Category":1,"Money":0,"MainSkillId":922030,"Requirement":"0,2;","Target":"Direction","FirePointHeight":80,"EffectTarget":"Enemy","MoneySum":0,"GoodOrBad":-1,"MixHurtTargets":6,"GlobalCD":0,"Damagable":1,"Targets":100,"Status":0,"AttMode":"p","ExperienceSum":0,"HavokOffset":"1","FakeRecover":"TYSkillStatus;0.1;","DPSStatId":922030,"WhetherSuffer":0,"Range":"0,4,2,2","MouseShortcut":["1","1","1","1"],"MaxAngle":-1,"throughWall":0,"SpeedInfluenced":0,"SkillEvent":"NoAtt;TieYiRecoverCast;","TargetExceedRangePolicy":0}