{"Break":0,"Holding":1,"LearnType":"LearnType2","Requirement":"0,2;","MaxPlayerTargets":20,"Experience":1205.76923074,"CastingPoint":0,"CDInFightStatus":0,"SkillCalculate":3.173076923,"AnimationDuration":0,"LearnGrade":8,"SafeAreaForbidden":0,"GoodOrBad":-1,"TotalLevel":70,"CD":10,"Name":"裂地","MixHurtTargets":6,"ID":92218001,"Display":"猛击地面，震晕周围的敌人的同时将他们拉至身前。","FaceDirectly":0,"Scope":"area;self;5;2,2;0;","Category":1,"Money":97.66730768994,"SkillScore":"EvaScore4","Target":"None","MouseShortcut":["0","1","0","1"],"EffectTarget":"Enemy","MoneySum":97.66730768994,"MaxAngle":0,"FirePointHeight":80,"GlobalCD":0,"Recover":0.35,"Level":70,"DamagePoint2":0.2,"FakeRecover":"TYSkillStatus;0.1;","Targets":100,"Range":"0,12,-1,-1","Status":0,"DPSStatId":0,"AttMode":"p","WhetherSuffer":0,"ExperienceSum":1205.76923074,"Damagable":1,"throughWall":0,"SpeedInfluenced":0,"SkillEvent":"NoAtt;TieYiRecoverCast;","TargetExceedRangePolicy":0}