{"Break":0,"Holding":1,"LearnType":"LearnType1","Requirement":"0,2;","MaxPlayerTargets":20,"Experience":95.19230769,"CastingPoint":0,"CDInFightStatus":0,"SkillCalculate":3.173076923,"AnimationDuration":0,"Recover":0,"SafeAreaForbidden":0,"Damagable":1,"TotalLevel":70,"CD":5,"Name":"无影拳","MixHurtTargets":6,"ID":92215001,"Display":"只闻其声，不见其影。快速挥舞双拳打击前方敌人，命中敌人回复怒气。","FaceDirectly":1,"Category":2,"Money":7.71057692289,"SkillScore":"EvaScore4","Target":"Direction","EffectTarget":"None","MoneySum":7.71057692289,"MaxAngle":0,"GoodOrBad":-1,"GlobalCD":0,"FirePointHeight":80,"LearnGrade":1,"MouseShortcut":["1","1","1","1"],"AttMode":"p","Status":0,"DamagePoint2":0,"Targets":30,"DPSStatId":0,"Range":"0,5,2,2","WhetherSuffer":0,"Level":70,"ExperienceSum":95.19230769,"throughWall":0,"SpeedInfluenced":0,"SkillEvent":"NoAtt;TieYiRecoverCast;","TargetExceedRangePolicy":0}