{"Break":0,"Holding":1,"LearnType":"LearnType2","Requirement":"0,2;","MaxPlayerTargets":20,"Experience":4696.15384604,"CastingPoint":0,"CDInFightStatus":0,"SkillCalculate":3.173076923,"AnimationDuration":0,"Recover":0.4,"SafeAreaForbidden":0,"Damagable":1,"TotalLevel":70,"CD":12,"Name":"升龙拳","DamagePoint2":0.4,"NewActionsScope":"area;self;5;4,6;0;","Display":"短暂蓄力后腾空而起打出强力上勾拳，对周围敌人造成三段伤害和浮空效果，并附带#Color_SkillTipColor5重创#Color_Default效果，快速衔接无影拳可追加浮空时间。","FaceDirectly":1,"HavokPathId":"47900190;false;","Category":1,"Level":70,"Money":380.38846152924,"GoodOrBad":-1,"SkillScore":"EvaScore4","Target":"Direction","FirePointHeight":80,"EffectTarget":"None","MoneySum":380.38846152924,"MaxAngle":0,"HitRate":"ret=1000","GlobalCD":0,"NewActionsDamagePoint":[0.6],"MixHurtTargets":6,"ID":92224001,"FakeRecover":"MoveSkillMixVector;0.66;","Targets":100,"WhetherSuffer":0,"Status":0,"DPSStatId":0,"ExperienceSum":4696.15384604,"AttMode":"p","Range":"0,4,-1,-1","LearnGrade":30,"throughWall":0,"SpeedInfluenced":0,"SkillEvent":"NoAtt;TieYiRecoverCast;","TargetExceedRangePolicy":0}