{"Break":0,"Holding":1,"HavokMoveIgnoreLargeObj":0,"HavokPathId":"47900050;true;","MaxPlayerTargets":20,"Experience":0,"CastingPoint":0,"CDInFightStatus":0,"SkillCalculate":0,"AnimationDuration":0,"Recover":0,"SafeAreaForbidden":0,"GoodOrBad":-1,"TotalLevel":70,"CD":0,"Name":"刺3-势不可挡","MixHurtTargets":7,"ID":92413001,"Display":"#Color_SkillTipColor2基本枪式之一。和其他基本枪式配合可以打出不同的刺。#r#Color_Default向鼠标方向重刺一枪，对直线上的敌人造成伤害。","FaceDirectly":1,"Scope":"union(line;self;12,5,2;5,5;|area;self;1;4,4;0;)","Category":1,"Money":0,"MainSkillId":924100,"Requirement":"0,4;","Target":"Direction","FirePointHeight":100,"EffectTarget":"Enemy","MoneySum":0,"Damagable":1,"MaxAngle":-1,"GlobalCD":0,"Status":0,"HavokOffset":"2","Level":70,"AttMode":"p","ExperienceSum":0,"Targets":30,"WhetherSuffer":0,"DPSStatId":924100,"FakeRecover":"XueHeRecover2;0.55;","Range":"0,14,2,2","DamagePoint2":0.3,"MouseShortcut":["1","1","1","1"],"throughWall":0,"SpeedInfluenced":0,"SkillEvent":"NoAtt;XueHeCTS;","TargetExceedRangePolicy":0}