{"Break":0,"Holding":1,"HavokMoveIgnoreLargeObj":0,"Requirement":"0,4;","MaxPlayerTargets":20,"Experience":0,"CastingPoint":0,"CDInFightStatus":0,"SkillCalculate":0,"AnimationDuration":0,"Recover":0,"SafeAreaForbidden":0,"Damagable":1,"TotalLevel":70,"CD":0,"Name":"【废弃】刺9","MixHurtTargets":7,"ID":92419001,"FaceDirectly":1,"Category":1,"Money":0,"MainSkillId":924100,"Target":"Direction","EffectTarget":"None","MoneySum":0,"FirePointHeight":100,"GoodOrBad":-1,"GlobalCD":0,"ExperienceSum":0,"MaxAngle":-1,"Level":70,"AttMode":"p","Targets":30,"Status":0,"FakeRecover":"XueHeRecover2;0.7|XueHeRecover;0.1;","DPSStatId":924100,"WhetherSuffer":0,"Range":"0,4,2,2","DamagePoint2":0.5,"MouseShortcut":["1","1","1","1"],"throughWall":0,"SpeedInfluenced":0,"SkillEvent":"NoAtt;XueHeCTS;","TargetExceedRangePolicy":0}