{"Break":0,"Holding":1,"HavokMoveIgnoreLargeObj":0,"HavokPathId":"47900370;true;","MaxPlayerTargets":1,"Experience":0,"CastingPoint":0,"CDInFightStatus":0,"SkillCalculate":0,"AnimationDuration":0,"Recover":0,"SafeAreaForbidden":0,"GoodOrBad":-1,"TotalLevel":70,"CD":0,"Name":"刺2-星芒点将","MixHurtTargets":7,"ID":92412001,"Display":"#Color_SkillTipColor2基本枪式之一。和其他基本枪式配合可以打出不同的刺。#r#Color_Default向鼠标方向快速刺出数枪。#r击中敌人回复血河生命值。","FaceDirectly":1,"Category":1,"Requirement":"0,4;","Money":0,"MainSkillId":924100,"FirePointHeight":100,"Target":"Direction","Damagable":1,"EffectTarget":"None","MoneySum":0,"MaxAngle":-1,"HitRate":"ret=1000","GlobalCD":0,"Status":0,"HavokOffset":"2","Level":70,"AttMode":"p","ExperienceSum":0,"Targets":1,"WhetherSuffer":0,"DPSStatId":924100,"FakeRecover":"XueHeRecover2;0.9|XueHeRecover;0.15;","Range":"0,7,2,2","DamagePoint2":0,"MouseShortcut":["1","1","1","1"],"throughWall":0,"SpeedInfluenced":0,"SkillEvent":"NoAtt;XueHeCTS;","TargetExceedRangePolicy":0}