{"Break":0,"Holding":1,"HavokMoveIgnoreLargeObj":0,"Requirement":"0,4;","MaxPlayerTargets":20,"Experience":0,"CastingPoint":0,"CDInFightStatus":0,"SkillCalculate":0,"AnimationDuration":0,"Recover":0,"SafeAreaForbidden":0,"GoodOrBad":-1,"TotalLevel":70,"CD":0,"Name":"刺1-轻刺","DamagePoint2":0.16,"ID":92411001,"Display":"#Color_SkillTipColor2基本枪式之一。和其他基本枪式配合可以打出不同的刺。#r#Color_Default向鼠标方向前刺一下，造成伤害。#r#n#Color_SkillTipColor2连招具体效果在连招技能界面显示。","FaceDirectly":1,"Scope":"union(line;self;8,4,2;5,5;|area;self;1;4,4;0;)","Category":1,"Money":0,"MainSkillId":924100,"Target":"Direction","EffectTarget":"Enemy","MoneySum":0,"FirePointHeight":100,"Damagable":1,"GlobalCD":0,"MaxAngle":-1,"MixHurtTargets":7,"Status":0,"FakeRecover":"XueHeRecover2;0.2;","ExperienceSum":0,"Level":70,"WhetherSuffer":0,"DPSStatId":924100,"AttMode":"p","Range":"0,7,2,2","Targets":30,"MouseShortcut":["1","1","1","1"],"throughWall":0,"SpeedInfluenced":0,"SkillEvent":"NoAtt;XueHeCTS;","TargetExceedRangePolicy":0}