{"Break":0,"Channel2":"1;1.1;0.2;","Holding":1,"HavokMoveIgnoreLargeObj":0,"HavokPathId":"47900114;false;","MaxPlayerTargets":1,"Experience":0,"CastingPoint":0,"CDInFightStatus":0,"SkillCalculate":0,"AnimationDuration":0,"Recover":0,"SafeAreaForbidden":0,"Damagable":1,"TotalLevel":70,"CD":0,"Name":"【废弃】刺8","MixHurtTargets":7,"ID":92418001,"FaceDirectly":1,"Category":1,"Money":0,"MainSkillId":924100,"FirePointHeight":100,"Target":"Direction","Requirement":"0,4;","EffectTarget":"None","MoneySum":0,"MaxAngle":-1,"HitRate":"ret=1000","GlobalCD":0,"MouseShortcut":["1","1","1","1"],"Status":0,"Level":70,"FakeRecover":"XueHeRecover2;1.3|XueHeRecover;0.1;","ExperienceSum":0,"WhetherSuffer":0,"AttMode":"p","DPSStatId":924100,"Range":"0,4,2,2","Targets":1,"DamagePoint2":0.2,"GoodOrBad":-1,"throughWall":0,"SpeedInfluenced":0,"SkillEvent":"NoAtt;XueHeCTS;","TargetExceedRangePolicy":0}