{"Break":0,"Holding":1,"HavokMoveIgnoreLargeObj":0,"MouseShortcut":["1","1","1","1"],"MaxPlayerTargets":20,"Experience":91.66666668,"CastingPoint":0,"CDInFightStatus":0,"SkillCalculate":3.055555556,"AnimationDuration":0,"StepSkillId":"924110;924120;924130;924140;924150;924160;924170;924180;924190;924200;924210;924220;","LearnGrade":1,"FirePointHeight":100,"Damagable":1,"TotalLevel":70,"CD":0,"Name":"基本招式：刺","MixHurtTargets":7,"ID":92410001,"Display":"#Color_SkillTipColor2基本枪式之一。和其他基本枪式配合可以打出不同的刺。#r#Color_Default向鼠标方向前刺一下，造成伤害。#r#n#Color_SkillTipColor2连招具体效果在连招技能界面显示。","FaceDirectly":1,"Category":2,"Money":7.42500000108,"SkillScore":"EvaScore4","Target":"Direction","EffectTarget":"None","MoneySum":7.42500000108,"Requirement":"0,4;","MaxAngle":-1,"GlobalCD":0,"Level":70,"LearnType":"LearnType1","Targets":30,"AttMode":"p","Status":0,"SafeAreaForbidden":0,"GoodOrBad":-1,"DPSStatId":0,"DamagePoint2":0,"Range":"0,4,2,2","WhetherSuffer":0,"ExperienceSum":91.66666668,"throughWall":0,"SpeedInfluenced":0,"Recover":0,"TargetExceedRangePolicy":0}