{"Break":0,"Holding":1,"HavokMoveIgnoreLargeObj":0,"Requirement":"0,4;","MaxPlayerTargets":20,"Experience":0,"CastingPoint":0,"CDInFightStatus":0,"SkillCalculate":0,"AnimationDuration":0,"Recover":0.8,"FirePointHeight":100,"GoodOrBad":-1,"TotalLevel":70,"CD":3,"Name":"刺12-铁骑","DamagePoint2":0.7,"ID":92422001,"Display":"勒马践踏，对周围圆形范围内的敌人造成眩晕和伤害。","FaceDirectly":0,"Scope":"area;selfoffset,2;5;5,5;0;","Category":1,"Money":0,"MainSkillId":924100,"Target":"None","EffectTarget":"Enemy","MoneySum":0,"Damagable":1,"GlobalCD":0,"SafeAreaForbidden":0,"MixHurtTargets":7,"MouseShortcut":["1","1","1","1"],"AttMode":"p","ExperienceSum":0,"Status":0,"Level":70,"DPSStatId":0,"WhetherSuffer":0,"MaxAngle":-1,"Targets":30,"Range":"0,4,2,2","throughWall":0,"SpeedInfluenced":0,"SkillEvent":"NoAtt;XueHeCTS;","TargetExceedRangePolicy":0}