{"Break":0,"Holding":1,"HavokMoveIgnoreLargeObj":0,"HavokPathId":"47900119;false;","MaxPlayerTargets":20,"Experience":0,"CastingPoint":0,"CDInFightStatus":0,"SkillCalculate":0,"AnimationDuration":0,"Recover":0,"SafeAreaForbidden":0,"Damagable":1,"TotalLevel":70,"CD":0,"Name":"【废弃】刺10","DamagePoint2":0.4,"ID":92420001,"FaceDirectly":1,"Scope":"fan;self;5,60;3,6;","Category":1,"Money":0,"MainSkillId":924100,"Target":"Direction","FirePointHeight":100,"EffectTarget":"Enemy","MoneySum":0,"Level":70,"Requirement":"0,4;","GlobalCD":0,"MixHurtTargets":7,"FakeRecover":"XueHeRecover2;0.5|XueHeRecover;0.1;","GoodOrBad":-1,"AttMode":"p","ExperienceSum":0,"WhetherSuffer":0,"Targets":30,"DPSStatId":924100,"Range":"0,4,2,2","Status":0,"MouseShortcut":["1","1","1","1"],"MaxAngle":-1,"throughWall":0,"SpeedInfluenced":0,"SkillEvent":"NoAtt;XueHeCTS;","TargetExceedRangePolicy":0}