{"Break":0,"Holding":2,"HavokMoveIgnoreLargeObj":0,"Requirement":"0,4;","MaxPlayerTargets":20,"Experience":0,"CastingPoint":0,"CDInFightStatus":0,"SkillCalculate":0,"AnimationDuration":0,"Recover":0,"FirePointHeight":100,"Damagable":1,"TotalLevel":70,"CD":0,"Name":"【废弃】没用没用","DamagePoint2":0,"ID":92433001,"FaceDirectly":1,"Scope":"area;self;5;4,4;0;","Category":2,"Money":0,"Target":"None","EffectTarget":"Enemy","MoneySum":0,"GlobalCD":0,"Level":70,"Targets":30,"MixHurtTargets":7,"AttMode":"p","Status":0,"SafeAreaForbidden":0,"WhetherSuffer":0,"DPSStatId":924300,"GoodOrBad":-1,"Range":"0,4,2,2","MouseShortcut":["1","1","1","1"],"MaxAngle":-1,"throughWall":0,"SpeedInfluenced":0,"ExperienceSum":0,"TargetExceedRangePolicy":0}