{"Break":0,"Holding":1,"HavokMoveIgnoreLargeObj":0,"HavokPathId":"47900120;false;","MaxPlayerTargets":20,"Experience":0,"CastingPoint":0,"CDInFightStatus":0,"SkillCalculate":0,"AnimationDuration":0,"Recover":0,"SafeAreaForbidden":0,"Damagable":1,"TotalLevel":70,"CD":0,"Name":"【废弃】挑8","MixHurtTargets":7,"ID":92438001,"FaceDirectly":1,"Scope":"fan;self;5,60;3,6;","Category":1,"Money":0,"MainSkillId":924300,"Target":"Direction","EffectTarget":"Enemy","MoneySum":0,"Requirement":"0,4;","FakeRecover":"XueHeRecover2;0.4|XueHeRecover;0.1;","GlobalCD":0,"Level":70,"MaxAngle":-1,"GoodOrBad":-1,"AttMode":"p","ExperienceSum":0,"WhetherSuffer":0,"Targets":30,"DPSStatId":924300,"Range":"0,4,2,2","DamagePoint2":0.3,"Status":0,"MouseShortcut":["1","1","1","1"],"throughWall":0,"SpeedInfluenced":0,"FirePointHeight":100,"TargetExceedRangePolicy":0}