{"Break":0,"Holding":1,"HavokMoveIgnoreLargeObj":0,"Requirement":"0,4;","MaxPlayerTargets":20,"Experience":0,"CastingPoint":0,"CDInFightStatus":0,"SkillCalculate":0,"AnimationDuration":0,"Recover":0,"FirePointHeight":100,"GoodOrBad":-1,"TotalLevel":70,"CD":0,"Name":"挑3-霸王力劈","DamagePoint2":0.6,"ID":92434001,"Display":"#Color_SkillTipColor2基本枪式之一。和其他基本枪式配合可以打出不同的挑。#r#Color_Default空中砸下，对前方敌人造成伤害。","FaceDirectly":1,"Scope":"line;self;5,5,2;5,5;","Category":1,"Money":0,"MainSkillId":924300,"Target":"Direction","EffectTarget":"Enemy","MoneySum":0,"Damagable":1,"SafeAreaForbidden":0,"GlobalCD":0,"MixHurtTargets":7,"MouseShortcut":["1","1","1","1"],"Status":0,"FakeRecover":"XueHeRecover2;0.7;","ExperienceSum":0,"MaxAngle":-1,"Level":70,"DPSStatId":924300,"WhetherSuffer":0,"AttMode":"p","Targets":30,"Range":"0,4,2,2","throughWall":0,"SpeedInfluenced":0,"SkillEvent":"NoAtt;XueHeCTS;","TargetExceedRangePolicy":0}