{"Break":0,"Holding":1,"HavokMoveIgnoreLargeObj":0,"MouseShortcut":["1","1","1","1"],"MaxPlayerTargets":20,"Experience":1161.11111128,"CastingPoint":0,"CDInFightStatus":0,"SkillCalculate":3.055555556,"AnimationDuration":0,"StepSkillId":"924310;924320;924340;924350;924360;924370;924330;924380;924390;924400;924410;","LearnGrade":8,"FirePointHeight":100,"Damagable":1,"TotalLevel":70,"CD":0,"Name":"基本招式：挑","MixHurtTargets":7,"ID":92430001,"Display":"#Color_SkillTipColor2基本枪式之一。和其他基本枪式配合可以打出不同的挑。#r#Color_Default挑飞鼠标方向敌人。此挑飞效果对同一玩家在10秒内只能生效一次。#r#n#Color_SkillTipColor2连招具体效果在连招技能界面显示。","FaceDirectly":1,"Category":2,"Money":94.05000001368,"SkillScore":"EvaScore4","Target":"Direction","EffectTarget":"None","MoneySum":94.05000001368,"Requirement":"0,4;","MaxAngle":-1,"GlobalCD":0,"Level":70,"LearnType":"LearnType2","Targets":30,"AttMode":"p","Status":0,"SafeAreaForbidden":0,"GoodOrBad":-1,"DPSStatId":0,"DamagePoint2":0,"Range":"0,4,2,2","WhetherSuffer":0,"ExperienceSum":1161.11111128,"throughWall":0,"SpeedInfluenced":0,"Recover":0,"TargetExceedRangePolicy":0}