{"Break":0,"Channel2":"1;0.6;0.2;","Holding":1,"HavokMoveIgnoreLargeObj":0,"Requirement":"0,4;","MaxPlayerTargets":20,"Experience":0,"CastingPoint":0,"CDInFightStatus":0,"SkillCalculate":0,"AnimationDuration":0,"Recover":0,"SafeAreaForbidden":0,"Damagable":1,"TotalLevel":70,"CD":0,"Name":"挑4-原地惊雷","MixHurtTargets":7,"ID":92435001,"Display":"#Color_SkillTipColor2基本枪式之一。和其他基本枪式配合可以打出不同的挑。#r#Color_Default旋风腿，对敌人造成多次伤害，并带有浮空追击效果。","FaceDirectly":1,"Category":1,"Money":0,"MainSkillId":924300,"Target":"Direction","FirePointHeight":100,"EffectTarget":"None","MoneySum":0,"MaxAngle":-1,"HitRate":"ret=1000","GlobalCD":0,"MouseShortcut":["1","1","1","1"],"GoodOrBad":-1,"Status":0,"FakeRecover":"XueHeRecover2;0.8|XueHeRecover;0.4;","ExperienceSum":0,"Level":70,"WhetherSuffer":0,"DPSStatId":924300,"AttMode":"p","Range":"0,4,2,2","Targets":30,"DamagePoint2":0.26,"throughWall":0,"SpeedInfluenced":0,"SkillEvent":"NoAtt;XueHeCTS;","TargetExceedRangePolicy":0}