{"Break":0,"Channel2":"1;0.8;0.2;","Holding":1,"HavokMoveIgnoreLargeObj":0,"Requirement":"0,4;","MaxPlayerTargets":1,"Experience":0,"CastingPoint":0,"CDInFightStatus":0,"SkillCalculate":0,"AnimationDuration":0,"Recover":0,"SafeAreaForbidden":0,"GoodOrBad":-1,"TotalLevel":70,"CD":0,"Name":"挑2-风卷残云","MixHurtTargets":7,"ID":92432001,"Display":"#Color_SkillTipColor2基本枪式之一。和其他基本枪式配合可以打出不同的挑。#r#Color_Default对被浮空的目标进行浮空追击。#r击中敌人回复血河生命值。","FaceDirectly":1,"Category":1,"Money":0,"MainSkillId":924300,"Target":"Direction","FirePointHeight":100,"EffectTarget":"None","MoneySum":0,"MaxAngle":-1,"HitRate":"ret=1000","GlobalCD":0,"MouseShortcut":["1","1","1","1"],"Level":70,"Damagable":1,"AttMode":"h","ExperienceSum":0,"FakeRecover":"XueHeRecover2;0.8|XueHeRecover;0.1;","Targets":1,"DPSStatId":924300,"WhetherSuffer":0,"Status":0,"Range":"0,4,2,2","DamagePoint2":0.2,"throughWall":0,"SpeedInfluenced":0,"SkillEvent":"NoAtt;XueHeCTS;","TargetExceedRangePolicy":0}