{"Break":0,"Holding":1,"HavokMoveIgnoreLargeObj":0,"Requirement":"0,4;","MaxPlayerTargets":20,"Experience":0,"CastingPoint":0,"CDInFightStatus":0,"SkillCalculate":0,"AnimationDuration":0,"Recover":0,"FirePointHeight":100,"Level":70,"TotalLevel":70,"CD":0,"Name":"挑6-气贯长虹","DamagePoint2":0.7,"ID":92437001,"Display":"#Color_SkillTipColor2基本枪式之一。和其他基本枪式配合可以打出不同的挑。#r#Color_Default怒吼一声，聚拢敌人,对其减速和封脉。#r同时短暂提高自身防御力。","FaceDirectly":1,"Scope":"area;self;8;4,4;0;","Category":1,"Money":0,"MainSkillId":924300,"Target":"Direction","EffectTarget":"Enemy","MoneySum":0,"GoodOrBad":-1,"SafeAreaForbidden":0,"GlobalCD":0,"MixHurtTargets":7,"MouseShortcut":["1","1","1","1"],"Damagable":1,"AttMode":"p","ExperienceSum":0,"Targets":30,"FakeRecover":"XueHeRecover2;0.8|XueHeRecover;0.1;","DPSStatId":924300,"WhetherSuffer":0,"Status":0,"MaxAngle":-1,"Range":"0,7,2,2","throughWall":0,"SpeedInfluenced":0,"SkillEvent":"NoAtt;XueHeCTS;","TargetExceedRangePolicy":0}