{"Break":0,"Holding":1,"HavokMoveIgnoreLargeObj":0,"HavokPathId":"47900121;true;","MaxPlayerTargets":20,"Experience":0,"CastingPoint":0,"CDInFightStatus":0,"SkillCalculate":0,"AnimationDuration":0,"Recover":0,"SafeAreaForbidden":0,"Level":70,"TotalLevel":70,"CD":0,"Name":"挑5-鱼跃龙门","DamagePoint2":0.6,"ID":92436001,"Display":"#Color_SkillTipColor2基本枪式之一。和其他基本枪式配合可以打出不同的挑。#r#Color_Default点枪反身跃起并砸向目标位置，对目标位置的目标造成眩晕和伤害，对同一目标此眩晕效果10秒内只能触发一次，若已经触发过那么效果改为减速。","FaceDirectly":1,"Scope":"union(fan;self;6,60;3,6;|area;self;2;4,4;0;)","Category":1,"Money":0,"MainSkillId":924300,"FirePointHeight":100,"Target":"Direction","GoodOrBad":-1,"EffectTarget":"Enemy","MoneySum":0,"Requirement":"0,4;","MixHurtTargets":7,"GlobalCD":0,"Damagable":1,"Targets":30,"HavokOffset":"1","AttMode":"p","ExperienceSum":0,"Status":0,"FakeRecover":"XueHeRecover2;0.75|XueHeRecover;0.1;","DPSStatId":924300,"WhetherSuffer":0,"MaxAngle":-1,"Range":"0,10,2,2","MouseShortcut":["1","1","1","1"],"throughWall":0,"SpeedInfluenced":0,"SkillEvent":"NoAtt;XueHeCTS;","TargetExceedRangePolicy":0}