{"Break":0,"Holding":1,"HavokMoveIgnoreLargeObj":0,"HavokPathId":"47900017;true;","MaxPlayerTargets":20,"Experience":0,"CastingPoint":0,"CDInFightStatus":0,"SkillCalculate":0,"AnimationDuration":0,"Recover":1.2,"SafeAreaForbidden":0,"Damagable":1,"TotalLevel":70,"CD":0,"Name":"【废弃】10-接凌云跃","MixHurtTargets":7,"ID":92440001,"FaceDirectly":1,"Scope":"union(line;self;6,4,2;5,5;|area;self;2;4,4;0;)","Category":1,"Money":0,"MainSkillId":924300,"Target":"None","EffectTarget":"Enemy","MoneySum":0,"FirePointHeight":100,"Level":70,"GlobalCD":0,"Requirement":"0,4;","DamagePoint2":0.7,"GoodOrBad":-1,"AttMode":"p","ExperienceSum":0,"WhetherSuffer":0,"Targets":30,"DPSStatId":924300,"Range":"0,4,2,2","Status":0,"MouseShortcut":["1","1","1","1"],"MaxAngle":-1,"throughWall":0,"SpeedInfluenced":0,"SkillEvent":"NoAtt;XueHeCTS;","TargetExceedRangePolicy":0}