{"Break":0,"MaxAngle":-1,"HavokMoveIgnoreLargeObj":0,"HavokPathId":"47900245;true;","MaxPlayerTargets":20,"Experience":0,"CastingPoint":0,"CDInFightStatus":0,"SkillCalculate":0,"AnimationDuration":0,"Recover":0.8,"SafeAreaForbidden":0,"Damagable":1,"TotalLevel":70,"CD":5,"Name":"挑11-铁骑","MixHurtTargets":7,"HavokPathNoZoom":"1","ID":92441001,"Display":"向前方跃马劈砍，将前方敌人推出并造成伤害。","FaceDirectly":1,"Category":1,"Money":0,"MainSkillId":924300,"Target":"None","EffectTarget":"Self","MoneySum":0,"Holding":1,"Requirement":"0,4;","GlobalCD":0,"FirePointHeight":100,"MouseShortcut":["1","1","1","1"],"Status":0,"AttMode":"p","ExperienceSum":0,"Level":70,"WhetherSuffer":0,"DPSStatId":924300,"Targets":30,"Range":"0,4,2,2","DamagePoint2":0.6,"GoodOrBad":-1,"throughWall":0,"SpeedInfluenced":0,"SkillEvent":"NoAtt;XueHeCTS;","TargetExceedRangePolicy":0}