{"Break":0,"Holding":1,"HavokMoveIgnoreLargeObj":0,"HavokPathId":"47900361;false;","MaxPlayerTargets":20,"Experience":0,"CastingPoint":0,"CDInFightStatus":0,"SkillCalculate":0,"AnimationDuration":0,"Recover":0,"SafeAreaForbidden":0,"GoodOrBad":-1,"TotalLevel":70,"CD":0,"Name":"扫2-雁荡","MixHurtTargets":7,"ID":92452001,"Display":"#Color_SkillTipColor2基本枪式之一。和其他基本枪式配合可以打出不同的扫。#r#Color_Default继续横扫前方敌人。","FaceDirectly":1,"Scope":"union(fan;self;5,120;3,6;|area;self;3;4,4;0;)","Category":1,"Money":0,"MainSkillId":924500,"Requirement":"0,4;","Target":"Direction","FirePointHeight":100,"EffectTarget":"Enemy","MoneySum":0,"Damagable":1,"MaxAngle":-1,"HavokOffset":"2","Status":0,"GlobalCD":0,"Level":70,"FakeRecover":"XueHeRecover2;0.25|XueHeRecover;0.1;","ExperienceSum":0,"WhetherSuffer":0,"AttMode":"p","DPSStatId":924500,"Targets":30,"Range":"0,5,2,2","DamagePoint2":0.1,"MouseShortcut":["1","1","1","1"],"throughWall":0,"SpeedInfluenced":0,"SkillEvent":"NoAtt;XueHeCTS;","TargetExceedRangePolicy":0}