{"Break":0,"Holding":1,"HavokMoveIgnoreLargeObj":0,"Requirement":"0,4;","MaxPlayerTargets":20,"Experience":91.66666668,"CastingPoint":0,"CDInFightStatus":0,"SkillCalculate":3.055555556,"AnimationDuration":0,"StepSkillId":"924510;924520;924530;924540;924560;924570;924550;924580;924590;924600;924610;924620;924630;924640;","LearnGrade":1,"FirePointHeight":100,"Damagable":1,"TotalLevel":70,"CD":0,"Name":"基本招式：扫","MixHurtTargets":7,"ID":92450001,"Display":"#Color_SkillTipColor2基本枪式之一。和其他基本枪式配合可以打出不同的扫。#r#Color_Default横扫前方敌人。#r#n#Color_SkillTipColor2连招具体效果在连招技能界面显示。","FaceDirectly":1,"Scope":"union(fan;self;4,120;3,6;|area;self;1;4,4;0;)","Category":2,"Money":7.42500000108,"SkillScore":"EvaScore4","Target":"Direction","EffectTarget":"Enemy","MoneySum":7.42500000108,"MouseShortcut":["1","1","1","1"],"MaxAngle":-1,"GlobalCD":0,"LearnType":"LearnType1","Recover":0,"Targets":30,"AttMode":"p","Status":0,"SafeAreaForbidden":0,"GoodOrBad":-1,"DPSStatId":0,"DamagePoint2":0,"Range":"0,4,2,2","WhetherSuffer":0,"ExperienceSum":91.66666668,"throughWall":0,"SpeedInfluenced":0,"Level":70,"TargetExceedRangePolicy":0}