{"Break":0,"Holding":1,"HavokMoveIgnoreLargeObj":0,"Requirement":"0,4;","MaxPlayerTargets":20,"Experience":0,"CastingPoint":0,"CDInFightStatus":0,"SkillCalculate":0,"AnimationDuration":0,"Recover":0.8,"SafeAreaForbidden":0,"GoodOrBad":-1,"TotalLevel":70,"CD":0,"Name":"扫9-晴天一坠","DamagePoint2":0.5,"ID":92459001,"Display":"#Color_SkillTipColor2基本枪式之一。和其他基本枪式配合可以打出不同的扫。#r#Color_Default顺势从空中刺向地面，造成伤害。","FaceDirectly":1,"Scope":"area;self;5;4,4;0;","Category":1,"Money":0,"MainSkillId":924500,"Target":"Direction","EffectTarget":"Enemy","MoneySum":0,"FirePointHeight":100,"GlobalCD":0,"Damagable":1,"MixHurtTargets":7,"MouseShortcut":["1","1","1","1"],"AttMode":"p","ExperienceSum":0,"Status":0,"Level":70,"DPSStatId":924500,"WhetherSuffer":0,"MaxAngle":-1,"Range":"0,5,2,2","Targets":30,"throughWall":0,"SpeedInfluenced":0,"SkillEvent":"NoAtt;XueHeCTS;","TargetExceedRangePolicy":0}