{"Break":0,"Channel2":"1;0.5;0.15;","Holding":1,"HavokMoveIgnoreLargeObj":0,"HavokPathId":"47900113;false;","MaxPlayerTargets":20,"Experience":0,"CastingPoint":0,"CDInFightStatus":0,"SkillCalculate":0,"AnimationDuration":0,"Recover":0,"SafeAreaForbidden":0,"Level":70,"TotalLevel":70,"CD":0,"Name":"扫8-旋风扫堂","MixHurtTargets":7,"ID":92458001,"Display":"#Color_SkillTipColor2基本枪式之一。和其他基本枪式配合可以打出不同的扫。#r#Color_Default枪插地面并以枪为轴进行回旋踢，造成伤害。","FaceDirectly":1,"Category":1,"Requirement":"0,4;","Money":0,"MainSkillId":924500,"FirePointHeight":100,"Target":"Direction","GoodOrBad":-1,"EffectTarget":"None","MoneySum":0,"MaxAngle":-1,"HitRate":"ret=1000","GlobalCD":0,"Damagable":1,"FakeRecover":"XueHeRecover2;1.1|XueHeRecover;0.4;","HavokOffset":"2","AttMode":"p","ExperienceSum":0,"Status":0,"Targets":30,"DPSStatId":924500,"WhetherSuffer":0,"Range":"0,4,2,2","DamagePoint2":0.43,"MouseShortcut":["1","1","1","1"],"throughWall":0,"SpeedInfluenced":0,"SkillEvent":"NoAtt;XueHeCTS;","TargetExceedRangePolicy":0}