{"Break":0,"MaxAngle":-1,"HavokMoveIgnoreLargeObj":0,"Requirement":"0,4;","MaxPlayerTargets":20,"Experience":0,"CastingPoint":0,"CDInFightStatus":0,"SkillCalculate":0,"AnimationDuration":0,"Recover":1,"SafeAreaForbidden":0,"Damagable":1,"TotalLevel":70,"CD":0,"Name":"【废弃】扫7-吞天横斩","MixHurtTargets":7,"ID":92455001,"Display":"#Color_SkillTipColor2基本枪式之一。和其他基本枪式配合可以打出不同的扫。#r#Color_Default聚怪之后顺势对拉拢的敌人进行横扫。","FaceDirectly":1,"Category":1,"Money":0,"MainSkillId":924500,"Target":"Direction","EffectTarget":"None","MoneySum":0,"Holding":1,"HitRate":"ret=1000","GlobalCD":0,"FirePointHeight":100,"GoodOrBad":-1,"MouseShortcut":["1","1","1","1"],"AttMode":"h","ExperienceSum":0,"Status":0,"WhetherSuffer":0,"DPSStatId":924500,"Level":70,"Range":"0,4,2,2","DamagePoint2":0,"Targets":30,"throughWall":0,"SpeedInfluenced":0,"SkillEvent":"NoAtt;XueHeCTS;","TargetExceedRangePolicy":0}