{"Break":0,"Holding":1,"HavokMoveIgnoreLargeObj":0,"Requirement":"0,4;","MaxPlayerTargets":20,"Experience":0,"CastingPoint":0,"CDInFightStatus":0,"SkillCalculate":0,"AnimationDuration":0,"Recover":0,"SafeAreaForbidden":0,"GoodOrBad":-1,"TotalLevel":70,"CD":0,"Name":"扫6-神龙摆尾","MixHurtTargets":7,"ID":92457001,"Display":"#Color_SkillTipColor2基本枪式之一。和其他基本枪式配合可以打出不同的扫。#r#Color_Default从空中重砸地面。","FaceDirectly":1,"Scope":"union(line;self;8,6,2;5,5;|area;self;2;4,4;0;)","Category":1,"Money":0,"MainSkillId":924500,"Target":"Direction","EffectTarget":"Enemy","MoneySum":0,"FirePointHeight":100,"Damagable":1,"GlobalCD":0,"MaxAngle":-1,"MouseShortcut":["1","1","1","1"],"Status":0,"FakeRecover":"XueHeRecover2;0.8|XueHeRecover;0.4;","ExperienceSum":0,"Level":70,"WhetherSuffer":0,"DPSStatId":924500,"AttMode":"p","Targets":30,"Range":"0,7,2,2","DamagePoint2":0.7,"throughWall":0,"SpeedInfluenced":0,"SkillEvent":"NoAtt;XueHeCTS;","TargetExceedRangePolicy":0}