{"Break":0,"Holding":1,"HavokMoveIgnoreLargeObj":0,"HavokPathId":"47900041;false;","MaxPlayerTargets":20,"Experience":0,"CastingPoint":0,"CDInFightStatus":0,"SkillCalculate":0,"AnimationDuration":0,"Recover":0,"SafeAreaForbidden":0,"GoodOrBad":-1,"TotalLevel":70,"CD":0,"Name":"扫3-虎落回环","MixHurtTargets":7,"ID":92453001,"Display":"#Color_SkillTipColor2基本枪式之一。和其他基本枪式配合可以打出不同的扫。#r#Color_Default对前方敌人进行回旋横扫，造成三次伤害。","FaceDirectly":1,"Category":1,"Requirement":"0,4;","Money":0,"MainSkillId":924500,"FirePointHeight":100,"Target":"Direction","Damagable":1,"EffectTarget":"None","MoneySum":0,"MaxAngle":-1,"HitRate":"ret=1000","HavokOffset":"2","Status":0,"GlobalCD":0,"Level":70,"FakeRecover":"XueHeRecover2;0.5|XueHeRecover;0.2;","ExperienceSum":0,"WhetherSuffer":0,"AttMode":"p","DPSStatId":924500,"Targets":30,"Range":"0,6,2,2","DamagePoint2":0,"MouseShortcut":["1","1","1","1"],"throughWall":0,"SpeedInfluenced":0,"SkillEvent":"NoAtt;XueHeCTS;","TargetExceedRangePolicy":0}