{"Break":0,"Holding":1,"HavokMoveIgnoreLargeObj":0,"Requirement":"0,4;","MaxPlayerTargets":20,"Experience":0,"CastingPoint":0,"CDInFightStatus":0,"SkillCalculate":0,"AnimationDuration":0,"Recover":0,"SafeAreaForbidden":0,"Damagable":1,"TotalLevel":70,"CD":0,"Name":"【废弃】扫5","MixHurtTargets":7,"ID":92456001,"Display":"#Color_SkillTipColor2基本枪式之一。和其他基本枪式配合可以打出不同的扫。#r#Color_Default横扫前方敌人。","FaceDirectly":1,"Category":1,"Money":0,"MainSkillId":924500,"HavokPathId":"47900053;false;","Target":"Direction","FirePointHeight":100,"EffectTarget":"None","MoneySum":0,"MaxAngle":-1,"HitRate":"ret=1000","GlobalCD":0,"MouseShortcut":["1","1","1","1"],"Status":0,"Level":70,"FakeRecover":"XueHeRecover2;0.4|XueHeRecover;0.4;","ExperienceSum":0,"WhetherSuffer":0,"AttMode":"p","DPSStatId":924500,"Targets":30,"Range":"0,4,2,2","DamagePoint2":0,"GoodOrBad":-1,"throughWall":0,"SpeedInfluenced":0,"SkillEvent":"NoAtt;XueHeCTS;","TargetExceedRangePolicy":0}