{"Break":0,"Holding":1,"HavokMoveIgnoreLargeObj":0,"HavokPathId":"47900369;false;","MaxPlayerTargets":20,"Experience":0,"CastingPoint":0,"CDInFightStatus":0,"SkillCalculate":0,"AnimationDuration":0,"Recover":0,"SafeAreaForbidden":0,"Level":70,"TotalLevel":70,"CD":0,"Name":"扫10-灵蛇点头","MixHurtTargets":7,"ID":92460001,"Display":"#Color_SkillTipColor2基本枪式之一。和其他基本枪式配合可以打出不同的扫。#r#Color_Default快速重扫，造成前方范围伤害。","FaceDirectly":1,"Scope":"fan;self;5,90;3,6;","Category":1,"Money":0,"MainSkillId":924500,"Requirement":"0,4;","Target":"Direction","FirePointHeight":100,"EffectTarget":"Enemy","MoneySum":0,"GoodOrBad":-1,"MaxAngle":-1,"GlobalCD":0,"Damagable":1,"Targets":30,"Status":0,"AttMode":"p","ExperienceSum":0,"HavokOffset":"1","FakeRecover":"XueHeRecover2;0.3|XueHeRecover;0.3;","DPSStatId":924500,"WhetherSuffer":0,"Range":"0,7,2,2","DamagePoint2":0.3,"MouseShortcut":["1","1","1","1"],"throughWall":0,"SpeedInfluenced":0,"SkillEvent":"NoAtt;XueHeCTS;","TargetExceedRangePolicy":0}