{"Break":0,"Holding":1,"HavokMoveIgnoreLargeObj":0,"Requirement":"0,4;","MaxPlayerTargets":20,"Experience":0,"CastingPoint":0,"CDInFightStatus":0,"SkillCalculate":0,"AnimationDuration":0,"Recover":0,"SafeAreaForbidden":0,"Damagable":1,"TotalLevel":70,"CD":0,"Name":"【废弃】扫12","MixHurtTargets":7,"ID":92462001,"FaceDirectly":1,"Scope":"fan;self;5,60;3,6;","Category":1,"Money":0,"MainSkillId":924500,"Target":"Direction","EffectTarget":"Enemy","MoneySum":0,"FirePointHeight":100,"GlobalCD":0,"GoodOrBad":-1,"ExperienceSum":0,"MaxAngle":-1,"AttMode":"p","Targets":30,"Status":0,"WhetherSuffer":0,"DPSStatId":924500,"Level":70,"Range":"0,4,2,2","DamagePoint2":0,"MouseShortcut":["1","1","1","1"],"throughWall":0,"SpeedInfluenced":0,"SkillEvent":"NoAtt;XueHeCTS;","TargetExceedRangePolicy":0}