{"Break":0,"Holding":2,"HavokMoveIgnoreLargeObj":0,"Requirement":"0,4;","MaxPlayerTargets":20,"Experience":0,"CastingPoint":0,"CDInFightStatus":0,"SkillCalculate":0,"AnimationDuration":0,"Recover":0.05,"SafeAreaForbidden":0,"GoodOrBad":-1,"TotalLevel":70,"CD":1.2,"Name":"扫14-铁骑","DamagePoint2":0,"ID":92464001,"Display":"快速抡枪，对周围小范围敌人造成两次快速的伤害。","FaceDirectly":0,"Category":1,"Money":0,"MainSkillId":924500,"Target":"None","EffectTarget":"Self","MoneySum":0,"FirePointHeight":100,"Damagable":1,"GlobalCD":0,"MaxAngle":-1,"MixHurtTargets":7,"FakeRecover":"RidingSkillRecover;0.95;","AttMode":"p","ExperienceSum":0,"Level":70,"WhetherSuffer":0,"DPSStatId":924500,"Status":0,"Targets":30,"Range":"0,4,2,2","MouseShortcut":["1","1","1","1"],"throughWall":0,"SpeedInfluenced":0,"SkillEvent":"NoAtt;XueHeCTS;","TargetExceedRangePolicy":0}