{"Break":0,"Holding":1,"HavokMoveIgnoreLargeObj":0,"HavokPathId":"47900288;false;","MaxPlayerTargets":20,"Experience":0,"CastingPoint":0,"CDInFightStatus":0,"SkillCalculate":0,"AnimationDuration":0,"Recover":0,"SafeAreaForbidden":0,"Damagable":1,"TotalLevel":70,"CD":0,"Name":"扫11-金蛇盘尾","MixHurtTargets":7,"HavokPathNoZoom":"1","ID":92461001,"Display":"#Color_SkillTipColor2基本枪式之一。和其他基本枪式配合可以打出不同的扫。#r#Color_Default向前横扫，造成伤害。","FaceDirectly":1,"Scope":"union(fan;self;5,120;3,6;|area;self;2;4,4;0;)","Category":1,"Requirement":"0,4;","Money":0,"MainSkillId":924500,"MaxAngle":-1,"Target":"Direction","FirePointHeight":100,"EffectTarget":"Enemy","MoneySum":0,"MouseShortcut":["1","1","1","1"],"HitRate":"ret=1000","HavokOffset":"1","Status":0,"GlobalCD":0,"Level":70,"FakeRecover":"XueHeRecover2;0.5;","ExperienceSum":0,"WhetherSuffer":0,"AttMode":"p","DPSStatId":924500,"Targets":30,"Range":"0,8,2,2","DamagePoint2":0.4,"GoodOrBad":-1,"throughWall":0,"SpeedInfluenced":0,"SkillEvent":"NoAtt;XueHeCTS;","TargetExceedRangePolicy":0}