{"Break":0,"MaxAngle":0,"LearnType":"LearnType2","Requirement":"0,4;","MaxPlayerTargets":20,"Experience":6966.66666768,"CastingPoint":0,"CDInFightStatus":0,"SkillCalculate":3.055555556,"AnimationDuration":0,"Recover":0,"FirePointHeight":100,"GoodOrBad":-1,"TotalLevel":70,"CD":4,"Name":"扫六合","MixHurtTargets":7,"ID":92477001,"Display":"#Color_SkillTipColor7快速横扫一圈，对周身敌人造成伤害。#r15秒内再次受到此技能伤害的敌人会承受额外的伤害，最多叠加4次。","FaceDirectly":1,"Category":1,"Holding":2,"Money":564.30000008208,"MouseShortcut":["1","1","0","0"],"SkillScore":"EvaScore4","Target":"None","LearnGrade":46,"EffectTarget":"Self","MoneySum":564.30000008208,"HavokMoveIgnoreLargeObj":0,"HitRate":"ret=1000","GlobalCD":0,"SafeAreaForbidden":0,"Level":70,"DamagePoint2":0,"FakeRecover":"MoveRecover;0.4;","Targets":100,"Status":0,"Range":"0,4,2,2","DPSStatId":0,"WhetherSuffer":0,"ExperienceSum":6966.66666768,"AttMode":"h","Damagable":0,"throughWall":0,"SpeedInfluenced":0,"SkillEvent":"NoAtt;XueHeCTS;","TargetExceedRangePolicy":0}