{"Break":0,"Holding":1,"HavokMoveIgnoreLargeObj":0,"Requirement":"0,4;","MaxPlayerTargets":1,"Experience":7577.77777888,"CastingPoint":0,"CDInFightStatus":0,"SkillCalculate":3.055555556,"AnimationDuration":0,"Recover":4,"FirePointHeight":100,"Level":70,"TotalLevel":70,"CD":25,"Name":"蛟龙震海","MixHurtTargets":5,"ID":92470001,"Display":"血河原地抡枪，将周围的敌人逐渐牵引向自己的位置，敌人在被拉的过程中会受到伤害。牵引结束以后血河会向周围横扫一圈造成伤害。#r#Color_SkillTipColor2牵引状态中血河为霸体状态，且减少受到的伤害。","FaceDirectly":1,"Category":1,"Money":613.80000008928,"SkillScore":"EvaScore4","Target":"Direction","EffectTarget":"None","MoneySum":613.80000008928,"MaxAngle":360,"LearnGrade":50,"GlobalCD":0,"Damagable":1,"LearnType":"LearnType2","MouseShortcut":["1","1","1","1"],"AttMode":"p","Status":0,"Targets":1,"GoodOrBad":-1,"DPSStatId":0,"DamagePoint2":0,"Range":"0,4,2,2","WhetherSuffer":0,"ExperienceSum":7577.77777888,"throughWall":0,"SpeedInfluenced":0,"SafeAreaForbidden":0,"TargetExceedRangePolicy":0}