{"Break":0,"Holding":1,"HavokMoveIgnoreLargeObj":1,"HavokPathId":"47900339;true;","MaxPlayerTargets":20,"Experience":0,"CastingPoint":0,"CDInFightStatus":0,"SkillCalculate":0,"AnimationDuration":0,"Recover":0.2,"SafeAreaForbidden":1,"GoodOrBad":0,"TotalLevel":70,"CD":10,"Name":"追1","MixHurtTargets":7,"ID":92476101,"FaceDirectly":1,"Category":1,"Money":0,"MainSkillId":924760,"FirePointHeight":100,"Target":"Location","Damagable":0,"EffectTarget":"None","MoneySum":0,"Requirement":"0,4;","HitRate":"ret=1000","GlobalCD":0,"MaxAngle":0,"FakeRecover":"XueHeRecover;0.2;","Level":70,"AttMode":"h","ExperienceSum":0,"Targets":30,"WhetherSuffer":0,"DPSStatId":924760,"Status":0,"Range":"6,12,-1,-1","DamagePoint2":0,"MouseShortcut":["0","1","0","0"],"throughWall":0,"SpeedInfluenced":1,"SkillEvent":"NoAtt;XueHeZhui;","TargetExceedRangePolicy":0}