{"Break":0,"Holding":2,"HavokMoveIgnoreLargeObj":0,"Requirement":"0,4;","MaxPlayerTargets":1,"Experience":0,"CastingPoint":0,"CDInFightStatus":0,"SkillCalculate":0,"AnimationDuration":0,"Recover":0.05,"SafeAreaForbidden":1,"GoodOrBad":0,"TotalLevel":70,"CD":30,"Name":"追-铁骑","DamagePoint2":0,"ID":92476301,"Display":"移除身上的一切控制效果并获得霸体效果。","FaceDirectly":0,"Category":1,"Money":0,"MainSkillId":924760,"Target":"None","EffectTarget":"Self","MoneySum":0,"FirePointHeight":100,"Damagable":0,"GlobalCD":0,"MaxAngle":360,"MixHurtTargets":7,"Status":0,"FakeRecover":"RidingSkillRecover;0.45;","ExperienceSum":0,"Level":70,"WhetherSuffer":0,"DPSStatId":924760,"AttMode":"h","Targets":1,"Range":"0,10,2,2","MouseShortcut":["1","1","0","0"],"throughWall":0,"SpeedInfluenced":0,"SkillEvent":"NoAtt;XueHeCTS;CanCastDuringRiddingControlled;","TargetExceedRangePolicy":0}