{"Break":0,"Holding":1,"HavokMoveIgnoreLargeObj":0,"MouseShortcut":["0","1","0","0"],"MaxPlayerTargets":30,"Experience":4522.22222288,"CastingPoint":0,"CDInFightStatus":0,"SkillCalculate":3.055555556,"AnimationDuration":0,"StepSkillId":"924761;924762;924763;","Recover":0,"FirePointHeight":100,"Damagable":0,"TotalLevel":70,"CD":10,"Name":"追","MixHurtTargets":7,"ID":92476001,"FaceDirectly":1,"Category":2,"Money":366.30000005328,"SkillScore":"EvaScore4","Target":"Direction","Requirement":"0,4;","EffectTarget":"None","MoneySum":366.30000005328,"LearnGrade":30,"HitRate":"ret=1000","GlobalCD":0,"Level":70,"LearnType":"LearnType2","Targets":30,"AttMode":"h","Status":0,"SafeAreaForbidden":1,"GoodOrBad":0,"DPSStatId":0,"DamagePoint2":0,"Range":"0,11,2,2","WhetherSuffer":0,"ExperienceSum":4522.22222288,"throughWall":0,"SpeedInfluenced":0,"MaxAngle":0,"TargetExceedRangePolicy":0}