{"Break":0,"Holding":1,"HavokMoveIgnoreLargeObj":1,"HavokPathId":"47900340;true;","MaxPlayerTargets":20,"Experience":0,"CastingPoint":0,"CDInFightStatus":0,"SkillCalculate":0,"AnimationDuration":0,"Recover":0.4,"SafeAreaForbidden":1,"Damagable":0,"TotalLevel":70,"CD":10,"Name":"追2","DamagePoint2":0,"ID":92476201,"FaceDirectly":1,"Category":1,"Money":0,"MainSkillId":924760,"Condition":"ret = a.GetV(\"ZhuiTarget\") ~= nil","Target":"Location","FirePointHeight":100,"EffectTarget":"None","MoneySum":0,"Requirement":"0,4;","HitRate":"ret=1000","GlobalCD":0,"MaxAngle":0,"Level":70,"WhetherSuffer":0,"AttMode":"h","ExperienceSum":0,"Range":"6,12,-1,-1","Targets":30,"DPSStatId":924760,"Status":0,"MixHurtTargets":7,"GoodOrBad":0,"MouseShortcut":["0","1","0","0"],"throughWall":0,"SpeedInfluenced":1,"SkillEvent":"NoAtt;XueHeZhui;","TargetExceedRangePolicy":0}