{"Break":0,"Holding":1,"Requirement":"0,5;","MaxPlayerTargets":1,"Experience":0,"CastingPoint":0,"CDInFightStatus":0,"SkillCalculate":0,"SkillCDBelong":925210,"AnimationDuration":0,"Recover":0.25,"SafeAreaForbidden":0,"GoodOrBad":-1,"TotalLevel":70,"CD":0,"Name":"阳关三叠","DamagePoint2":0.1,"ID":92521101,"Display":"“劝君更尽一杯酒，西出阳关无故人。”#r#Color_SkillTipColor4第一段：#Color_SkillTipColor7拨动琴弦向前方发出音波，命中目标后音波#cff3838爆炸#Color_SkillTipColor7，对周围敌人造成伤害，并回复#c00cc0020#Color_SkillTipColor7点琴意#r#Color_SkillTipColor4第二段：#Color_SkillTipColor7快速拨动琴弦，连续弹出两道音波，命中敌人后爆炸并回复琴意#r#Color_SkillTipColor4第三段：#Color_SkillTipColor7旋转古琴蓄力击出，攻击前方直线上的敌人，并获得#c00cc001#Color_SkillTipColor7个#cff3838火#Color_SkillTipColor7音符#r#c33cc00鸣凤效果：#Color_SkillTipColor7释放#cff3838凤凰展翅#Color_SkillTipColor7后短时间内释放第三段音波，可将音波化形为凤，造成大量伤害。","FaceDirectly":1,"Category":1,"Money":0,"MainSkillId":925210,"Target":"Direction","EffectTarget":"None","MoneySum":0,"GlobalCD":0,"FirePointHeight":115,"MaxAngle":0,"MixHurtTargets":7,"AttMode":"m","ExperienceSum":0,"Status":0,"Level":70,"DPSStatId":925210,"WhetherSuffer":0,"Range":"0,15,-1,-1","Targets":1,"MouseShortcut":["1","1","1","1"],"throughWall":0,"SpeedInfluenced":0,"Damagable":1,"TargetExceedRangePolicy":0}