{"Break":0,"Holding":1,"Requirement":"0,5;","MaxPlayerTargets":1,"Experience":0,"CastingPoint":0,"CDInFightStatus":0,"SkillCalculate":0,"SkillCDBelong":925210,"AnimationDuration":0,"Recover":0.4,"SafeAreaForbidden":0,"Damagable":1,"TotalLevel":70,"CD":0,"Name":"阳关三叠","DamagePoint2":0,"ID":92521201,"Display":"#Color_SkillTipColor4第二段：#Color_SkillTipColor7快速拨动琴弦，连续弹出两道音波，命中敌人后#cff3838爆炸#Color_SkillTipColor7并回复#c00cc0020#Color_SkillTipColor7点琴意","FaceDirectly":1,"Category":1,"Money":0,"MainSkillId":925210,"Target":"Direction","EffectTarget":"None","MoneySum":0,"GlobalCD":0,"MaxAngle":0,"Level":70,"ExperienceSum":0,"AttMode":"m","Status":0,"GoodOrBad":-1,"WhetherSuffer":0,"DPSStatId":925210,"Targets":1,"Range":"0,15,-1,-1","MixHurtTargets":7,"MouseShortcut":["1","1","1","1"],"throughWall":0,"SpeedInfluenced":0,"FirePointHeight":115,"TargetExceedRangePolicy":0}