{"Break":0,"MaxAngle":0,"LearnType":"LearnType1","Requirement":"0,5;","MaxPlayerTargets":15,"Experience":95.19230769,"CastingPoint":0,"CDInFightStatus":0,"SkillCalculate":3.173076923,"AnimationDuration":0,"Recover":0.37,"SafeAreaForbidden":0,"GoodOrBad":-1,"TotalLevel":70,"CD":8,"Name":"平沙落雁","DamagePoint2":0,"NewActionsScope":"area;target;5;2,2;","Display":"#n#Color_SkillTipColor7剑指之处，火凤从天而降，对目标范围内的敌人造成大量伤害和#Color_SkillTipColor5重创#Color_Default效果。落雁刷新状态下释放出招速度更快。","FaceDirectly":1,"Holding":1,"Category":1,"LearnGrade":1,"Money":7.71057692289,"Damagable":1,"SkillScore":"EvaScore4","Target":"Location","HavokPathId":"47900351;false;","EffectTarget":"None","MoneySum":7.71057692289,"NewActionsDamagePoint":[1.58],"HitRate":"ret=1000","GlobalCD":0,"MouseShortcut":["1","1","1","1"],"Level":70,"MixHurtTargets":7,"AttMode":"m","Targets":15,"Range":"0,16,-1,-1","Status":0,"DPSStatId":0,"ExperienceSum":95.19230769,"ID":92525001,"ConsumeResource":"QinYi,80","WhetherSuffer":0,"throughWall":0,"SpeedInfluenced":0,"FirePointHeight":80,"TargetExceedRangePolicy":0}