{"Break":0,"Holding":1,"Requirement":"0,5;","MaxPlayerTargets":15,"Experience":0,"CastingPoint":0,"CDInFightStatus":0,"SkillCalculate":0,"SkillCDBelong":925210,"AnimationDuration":0,"Recover":0,"SafeAreaForbidden":0,"GoodOrBad":-1,"TotalLevel":70,"CD":0,"Name":"阳关三叠","MixHurtTargets":7,"ID":92521301,"Display":"#Color_SkillTipColor4第三段：#Color_SkillTipColor7旋转古琴，蓄力击出，对前方直线上的敌人造成大量伤害，并获得#c00cc001#Color_SkillTipColor7个#cff3838火#Color_SkillTipColor7音符。#r#c33cc00鸣凤效果：#Color_SkillTipColor7释放#cff3838凤凰展翅#Color_SkillTipColor7后短时间内释放第三段音波，可将音波化形为凤，造成大量伤害。","FaceDirectly":1,"Category":2,"Money":0,"MainSkillId":925210,"Target":"Direction","EffectTarget":"None","MoneySum":0,"HitRate":"ret=1000","GlobalCD":0,"FirePointHeight":115,"MaxAngle":0,"MouseShortcut":["1","1","1","1"],"AttMode":"m","ExperienceSum":0,"Status":0,"Level":70,"DPSStatId":925210,"WhetherSuffer":0,"Range":"0,18,-1,-1","Targets":30,"DamagePoint2":0,"throughWall":0,"SpeedInfluenced":0,"Damagable":1,"TargetExceedRangePolicy":0}