{"Break":0,"Holding":1,"LearnType":"LearnType2","MouseShortcut":["1","1","1","1"],"MaxPlayerTargets":1,"Experience":1205.76923074,"CastingPoint":0,"CDInFightStatus":0,"SkillCalculate":3.173076923,"AnimationDuration":0,"StepSkillId":"925271;925272;925273","Recover":0,"FirePointHeight":100,"Level":70,"TotalLevel":70,"CD":9,"Name":"百鸟朝凤","MixHurtTargets":7,"ID":92527001,"Display":"#n#Color_SkillTipColor7弦满之时，射出五道扇形火鸟音波，穿透攻击前方敌人。","FaceDirectly":1,"Category":1,"Money":97.66730768994,"SkillScore":"EvaScore4","Target":"Direction","EffectTarget":"None","MoneySum":97.66730768994,"Requirement":"0,5;","HitRate":"ret=1000","GlobalCD":0,"LearnGrade":8,"MaxAngle":0,"ExperienceSum":1205.76923074,"AttMode":"m","Targets":1,"SafeAreaForbidden":0,"GoodOrBad":-1,"DPSStatId":0,"DamagePoint2":0,"Range":"0,16,-1,-1","WhetherSuffer":0,"Status":0,"throughWall":0,"SpeedInfluenced":0,"Damagable":1,"TargetExceedRangePolicy":0}