{"Break":0,"Holding":1,"Requirement":"0,5;","MaxPlayerTargets":1,"Experience":0,"CastingPoint":0,"CDInFightStatus":0,"SkillCalculate":0,"SkillCDBelong":925270,"AnimationDuration":0,"Recover":0.25,"SafeAreaForbidden":0,"GoodOrBad":-1,"TotalLevel":70,"CD":9,"Name":"百鸟朝凤","MixHurtTargets":7,"ID":92527101,"Display":"#n#Color_SkillTipColor7弦满之时，射出五道扇形火鸟音波，穿透攻击前方敌人。","FaceDirectly":1,"Category":1,"Money":0,"MainSkillId":925270,"Target":"Direction","HavokPathId":"47900362;false;","EffectTarget":"None","MoneySum":0,"Damagable":1,"HitRate":"ret=1000","GlobalCD":0,"MaxAngle":0,"MouseShortcut":["1","1","1","1"],"Status":0,"AttMode":"m","ExperienceSum":0,"WhetherSuffer":0,"ConsumeResource":"QinYi,30","DPSStatId":0,"Targets":1,"Range":"0,16,-1,-1","DamagePoint2":0.1,"Level":70,"throughWall":0,"SpeedInfluenced":0,"FirePointHeight":85,"TargetExceedRangePolicy":0}