{"Break":0,"Holding":1,"LearnType":"LearnType2","MouseShortcut":["1","1","1","1"],"MaxPlayerTargets":15,"Experience":7234.61538444,"CastingPoint":0,"CDInFightStatus":0,"SkillCalculate":3.173076923,"AnimationDuration":0,"Recover":0,"SafeAreaForbidden":0,"GoodOrBad":-1,"TotalLevel":70,"CD":3,"Name":"羽碎","MixHurtTargets":7,"ID":92530001,"Display":"#n#Color_SkillTipColor7向指定方向弹奏一束音波，音波会在敌方单位之间弹射，造成一定伤害和减速，对冰冻状态的玩家造成4倍伤害。","FaceDirectly":1,"Category":2,"Money":586.00384613964,"SkillScore":"EvaScore4","Target":"Direction","Requirement":"0,5;","EffectTarget":"None","MoneySum":586.00384613964,"FirePointHeight":100,"HitRate":"ret=1000","GlobalCD":0,"Damagable":1,"LearnGrade":46,"Level":70,"AttMode":"m","Status":0,"DamagePoint2":0,"Targets":15,"DPSStatId":0,"Range":"0,16,-1,-1","ConsumeResource":"QinYi,80","WhetherSuffer":0,"ExperienceSum":7234.61538444,"throughWall":0,"SpeedInfluenced":0,"MaxAngle":0,"TargetExceedRangePolicy":0}