{"Break":0,"Holding":1,"LearnType":"LearnType2","Requirement":"0,5;","MaxPlayerTargets":15,"Experience":7869.23076904,"CastingPoint":0,"CDInFightStatus":0,"SkillCalculate":3.173076923,"AnimationDuration":0,"Recover":0.3,"SafeAreaForbidden":0,"GoodOrBad":-1,"TotalLevel":70,"CD":12,"Name":"凤舞倾城","MixHurtTargets":7,"ID":92539001,"Display":"#n#Color_Default将古琴中寒冰真气灌入大地，对自身周围的敌人造成伤害和#n#c3399ff冰冻#n#Color_Default效果（对玩家为定身）。","FaceDirectly":1,"Category":1,"Money":637.40769229224,"SkillScore":"EvaScore4","Target":"None","EffectTarget":"None","MoneySum":637.40769229224,"MaxAngle":0,"FirePointHeight":80,"GlobalCD":0,"Damagable":1,"LearnGrade":50,"MouseShortcut":["1","1","1","1"],"AttMode":"m","Status":0,"DamagePoint2":0.1,"Targets":15,"DPSStatId":0,"Range":"0,15,-1,-1","ConsumeResource":"QinYi,80","WhetherSuffer":0,"ExperienceSum":7869.23076904,"throughWall":0,"SpeedInfluenced":0,"Level":70,"TargetExceedRangePolicy":0}