{"Break":0,"Holding":1,"LearnType":"LearnType2","MouseShortcut":["1","1","1","1"],"MaxPlayerTargets":15,"Experience":2792.30769224,"CastingPoint":0,"CDInFightStatus":0,"SkillCalculate":3.173076923,"AnimationDuration":0,"Recover":0.3,"SafeAreaForbidden":0,"GoodOrBad":-1,"TotalLevel":70,"CD":15,"Name":"旋风燕舞","MixHurtTargets":7,"ID":92537001,"Display":"用内力在目标区域形成一阵旋风，将范围内的敌人聚拢并减速。","FaceDirectly":1,"Category":1,"Money":226.17692307144,"SkillScore":"EvaScore4","Target":"Location","Requirement":"0,5;","EffectTarget":"None","MoneySum":226.17692307144,"FirePointHeight":80,"HitRate":"ret=1000","GlobalCD":0,"Damagable":1,"LearnGrade":18,"Level":70,"AttMode":"m","Status":0,"DamagePoint2":0,"Targets":15,"DPSStatId":0,"Range":"0,12,-1,-1","ConsumeResource":"QinYi,80","WhetherSuffer":0,"ExperienceSum":2792.30769224,"throughWall":0,"SpeedInfluenced":0,"MaxAngle":0,"TargetExceedRangePolicy":0}