{"Break":0,"Holding":1,"LearnType":"LearnType2","HavokPathId":"47900189;true;","MaxPlayerTargets":15,"Experience":4696.15384604,"CastingPoint":0,"CDInFightStatus":0,"SkillCalculate":3.173076923,"AnimationDuration":0,"Recover":2.4,"SafeAreaForbidden":0,"GoodOrBad":-1,"TotalLevel":70,"CD":18,"Name":"急曲","MixHurtTargets":7,"ID":92542001,"Display":"曲至高潮，化身琴魔急速弹奏。对前方扇形范围内的敌人造成大量伤害，最后一击附带#Color_SkillTipColor5重创#Color_Default效果。","FaceDirectly":1,"Category":1,"Money":380.38846152924,"SkillScore":"EvaScore4","Target":"Direction","EffectTarget":"None","MoneySum":380.38846152924,"Requirement":"0,5;","FirePointHeight":60,"GlobalCD":0,"Damagable":0,"LearnGrade":30,"MaxAngle":0,"AttMode":"m","Status":0,"DamagePoint2":0,"Targets":20,"DPSStatId":0,"Range":"0,16,-1,-1","ConsumeResource":"QinYi,100","WhetherSuffer":0,"ExperienceSum":4696.15384604,"throughWall":0,"SpeedInfluenced":0,"Level":70,"TargetExceedRangePolicy":0}