{"Break":0,"Holding":1,"LearnType":"LearnType1","Requirement":"0,5;","MaxPlayerTargets":20,"Experience":6441.34615369,"CastingPoint":0,"CDInFightStatus":0,"SkillCalculate":3.173076923,"AnimationDuration":0,"Recover":0.35,"FirePointHeight":80,"GoodOrBad":-1,"TotalLevel":70,"CD":15,"Name":"高山流水","NewActionsDamagePoint":[0.3],"NewActionsScope":"line;self;5,2,1;3,5;0;","Display":"#n#Color_Default在#n#Color_SkillTipColor7释放寒冰真气，将空气凝化成雪，对前方直线上单位造成伤害和#n#c3399ff冰冻#n#Color_SkillTipColor7效果。","FaceDirectly":1,"Category":1,"Money":521.74903844889,"SafeAreaForbidden":0,"SkillScore":"EvaScore4","Target":"Direction","LearnGrade":41,"EffectTarget":"None","MoneySum":521.74903844889,"Damagable":1,"MaxAngle":0,"GlobalCD":0,"DamagePoint2":0.05,"MouseShortcut":["1","1","1","1"],"MixHurtTargets":7,"AttMode":"m","Status":0,"ID":92554001,"Range":"0,15,-1,-1","DPSStatId":0,"ConsumeResource":"QinYi,100","ExperienceSum":6441.34615369,"Targets":20,"WhetherSuffer":0,"throughWall":0,"SpeedInfluenced":0,"Level":70,"TargetExceedRangePolicy":0}