{"Break":0,"Holding":2,"LearnType":"LearnType2","MouseShortcut":["0","0","0","0"],"MaxPlayerTargets":1,"Experience":3755.17241352,"CastingPoint":0,"CDInFightStatus":0,"SkillCalculate":1.896551724,"AnimationDuration":0,"Recover":0,"SafeAreaForbidden":1,"Level":70,"TotalLevel":70,"CD":29.8,"Name":"黯然","MixHurtTargets":6,"ID":92636001,"Display":"素问施展精妙的身法招式，释放可立即#Color_SkillTipColor5解除控制#Color_Default同时移除所有负面效果 ，随后进入黯然状态。#r#Color_SkillTipColor2黯然：#Color_Default持续回复气血，免疫控制，免伤并且移速大幅提升。#r#r#n#Color_SkillTipColor3【黯然销魂者，唯别而已矣】#r","FaceDirectly":1,"Category":1,"Money":304.16896549512,"SkillScore":"EvaScore2","Target":"None","EffectTarget":"Self","MoneySum":304.16896549512,"LearnGrade":40,"GoodOrBad":1,"GlobalCD":0,"Damagable":0,"DamagePoint2":0,"MaxAngle":360,"AttMode":"h","ExperienceSum":3755.17241352,"Range":"0,15,-1,-1","Status":0,"DPSStatId":0,"ConsumeResource":"Mp,45","Targets":1,"WhetherSuffer":0,"FirePointHeight":100,"throughWall":0,"SpeedInfluenced":0,"SkillEvent":"NoAtt;CastDuringControlled;","TargetExceedRangePolicy":0}