{"Break":0,"Holding":1,"LearnType":"LearnType1","MouseShortcut":["0","1","0","1"],"MaxPlayerTargets":12,"Experience":4608.62068932,"CastingPoint":0,"CDInFightStatus":0,"SkillCalculate":1.896551724,"AnimationDuration":0,"Recover":4.2,"SafeAreaForbidden":0,"Level":70,"TotalLevel":70,"CD":45,"Name":"落花舞风轻","DamagePoint2":0.5,"ID":92654001,"Display":"素问微微躬身，让丝带围绕自身飞舞。在短暂延迟后，强制周围的敌人同自己一起#Color_SkillTipColor5跳舞，#Color_Default持续3秒。#r#Color_SkillTipColor2落花舞：#Color_Default跳舞的敌人处于被控制状态，无法自由行动，同时持续受到内功伤害。#r#Color_SkillTipColor2风轻：#Color_Default落花舞风轻的持续期间内，素问#Color_SkillTipColor5免疫控制。#r#Color_SkillTipColor2粉蝶：#Color_Default如有命中敌人，将持续获得总共5只粉色蝴蝶。#r#r#Color_SkillTipColor3【棹歌回，衣露满身花气。】","FaceDirectly":1,"Scope":"area;self;6;3,6;0;","Category":1,"Money":373.29827583492,"SkillScore":"EvaScore2","Target":"Direction","EffectTarget":"Enemy","MoneySum":373.29827583492,"MaxAngle":360,"LearnGrade":49,"GlobalCD":0,"GoodOrBad":-1,"FirePointHeight":100,"MixHurtTargets":6,"AttMode":"m","ExperienceSum":4608.62068932,"Range":"0,20,-1,-1","ConsumeResource":"Mp,135","DPSStatId":0,"Status":0,"WhetherSuffer":0,"Targets":24,"Damagable":0,"throughWall":0,"SpeedInfluenced":0,"SkillEvent":"SuWenAtt;","TargetExceedRangePolicy":0}