{"Break":0,"Holding":1,"HavokMoveIgnoreLargeObj":0,"MouseShortcut":["1","1","0","0"],"MaxPlayerTargets":20,"Experience":91.66666668,"DPSType":1,"CDInFightStatus":0,"SkillCalculate":3.055555556,"AnimationDuration":0,"Recover":0.5,"FirePointHeight":80,"Level":70,"TotalLevel":70,"CD":0,"Name":"龙吟普攻","MixHurtTargets":7,"ID":92700001,"Display":"#n#Color_Default龙吟的普攻连招，根据手上是重剑还是双剑，会施展出不同形态的剑招。","FaceDirectly":1,"Scope":"union(fan;self;7,90;2,6;|area;self;1;2,6;0;)","Category":1,"Money":7.42500000108,"SkillScore":"EvaScore4","Target":"Direction","EffectTarget":"Enemy","MoneySum":7.42500000108,"MaxAngle":-1,"LearnGrade":1,"GlobalCD":0,"Damagable":1,"CastingPoint":0,"Status":0,"AttMode":"m","WhetherSuffer":0,"SafeAreaForbidden":0,"GoodOrBad":-1,"DPSStatId":0,"DamagePoint2":0.5,"Range":"0,4,-1,-1","Targets":40,"ExperienceSum":91.66666668,"throughWall":0,"SpeedInfluenced":0,"LearnType":"LearnType1","TargetExceedRangePolicy":0}