{"Break":0,"Holding":1,"HavokMoveIgnoreLargeObj":0,"Requirement":"0,7;","MaxPlayerTargets":10,"Experience":1161.11111128,"DPSType":1,"CDInFightStatus":0,"SkillCalculate":3.055555556,"AnimationDuration":0,"Recover":0.6,"FirePointHeight":80,"Damagable":1,"TotalLevel":70,"CD":8,"Name":"拔刀斩 残月","DamagePoint2":0.3,"ID":92701901,"Display":"短暂蓄力，然后快速挥剑划破空气，对面前的敌人造成高额伤害。#r#Color_SkillTipColor4剑意·天雷破：#Color_Default可追加#Color_SkillTipColor5剑意追击#Color_Default，重剑插地引天雷劈下，形成一个圆形雷电场，持续伤害并减速40%，持续#Color_SkillTipColor53秒。#r#Color_SkillTipColor4剑心：#Color_Default当拥有剑心点时，招式进化为#Color_SkillTipColor5破天地斩,#Color_Default改为3下挥剑，总伤害提高#Color_SkillTipColor5100%#Color_Default。#r#Color_SkillTipColor4青龙怒·万般皆气：#Color_Default在青龙怒状态下，每一段剑招在命中时，都会额外在目标头顶召唤#cbf87ff1柄气剑#Color_Default，插下造成内功伤害！#r#Color_SkillTipColor2重剑技能","FaceDirectly":1,"Scope":"union(fan;self;6,95;2,6;|area;selfoffset,5;5;3,6;0;)","Category":1,"Money":94.05000001368,"MaxAngle":-1,"SkillScore":"EvaScore4","Target":"Direction","LearnType":"LearnType2","EffectTarget":"Enemy","MoneySum":94.05000001368,"LearnGrade":8,"CastingPoint":0,"GlobalCD":0,"MouseShortcut":["1","1","0","0"],"Range":"0,4,-1,-1","Level":70,"AttMode":"m","Targets":30,"MixHurtTargets":7,"Status":0,"DPSStatId":927019,"WhetherSuffer":0,"ExperienceSum":1161.11111128,"TraceWeaponType":1,"SafeAreaForbidden":0,"throughWall":0,"SpeedInfluenced":0,"GoodOrBad":-1,"TargetExceedRangePolicy":0}