{"Break":0,"Holding":1,"HavokMoveIgnoreLargeObj":1,"MouseShortcut":["1","1","0","0"],"MaxPlayerTargets":10,"Experience":162.96296296,"DPSType":1,"CDInFightStatus":0,"SkillCalculate":2.037037037,"AnimationDuration":0,"Recover":0,"SafeAreaForbidden":0,"Level":70,"TotalLevel":70,"CD":10,"Name":"惊雷","MixHurtTargets":7,"ID":92722001,"FaceDirectly":1,"Category":2,"Requirement":"0,7;","Money":13.19999999976,"LearnGrade":2,"SkillScore":"EvaScore3","Target":"Location","FirePointHeight":80,"EffectTarget":"None","MoneySum":13.19999999976,"GoodOrBad":-1,"MaxAngle":-1,"GlobalCD":0,"Targets":30,"Damagable":1,"Status":0,"AttMode":"h","WhetherSuffer":0,"DamagePoint2":0,"Range":"9,12,5,5","DPSStatId":927220,"ExperienceSum":162.96296296,"SetCDWhenInterrupt":"-1","TraceWeaponType":0,"CastingPoint":0,"throughWall":0,"SpeedInfluenced":0,"LearnType":"LearnType2","TargetExceedRangePolicy":0}