{"Break":0,"Holding":1,"HavokMoveIgnoreLargeObj":0,"Requirement":"0,7;","MaxPlayerTargets":10,"Experience":0,"DPSType":1,"CDInFightStatus":0,"SkillCalculate":0,"AnimationDuration":0,"Recover":0.33,"SafeAreaForbidden":0,"GoodOrBad":-1,"TotalLevel":70,"CD":8,"Name":"吟风1","DamagePoint2":0,"ID":92725101,"Display":"#n#Color_Default连续挥出数道剑气，对前方目标及周围的敌人造成伤害。#r#n#Color_SkillTipColor4长风一剑：#n#Color_Default剑招释放之后，可追加释放#n#Color_SkillTipColor5剑意追击#n#Color_Default，再度挥出凌厉雄浑一剑，剑气会引爆命中的小剑，造成伤害和眩晕效果。","FaceDirectly":1,"Category":1,"Money":0,"MainSkillId":927250,"Target":"Direction","EffectTarget":"None","MoneySum":0,"CastingPoint":0,"Damagable":1,"GlobalCD":0,"MaxAngle":-1,"Status":0,"MixHurtTargets":7,"AttMode":"m","ExperienceSum":0,"Level":70,"WhetherSuffer":0,"DPSStatId":927250,"Range":"0,15,2,2","Targets":20,"TraceWeaponType":0,"MouseShortcut":["1","1","1","1"],"throughWall":0,"SpeedInfluenced":0,"FirePointHeight":80,"TargetExceedRangePolicy":0}