{"Break":0,"Holding":1,"HavokMoveIgnoreLargeObj":0,"HavokPathId":"47900137;true;","MaxPlayerTargets":10,"Experience":4522.22222288,"CastingPoint":0,"CDInFightStatus":0,"SkillCalculate":3.055555556,"AnimationDuration":0,"StepSkillId":"927251;927252;","LearnGrade":30,"FirePointHeight":80,"Level":70,"TotalLevel":70,"CD":8,"Name":"吟风","MixHurtTargets":7,"ID":92725001,"Display":"#n#Color_Default连续挥出数道剑气，对前方目标及周围的敌人造成伤害。#r#n#Color_SkillTipColor4长风一剑：#n#Color_Default剑招释放之后，可追加释放#n#Color_SkillTipColor5剑意追击#n#Color_Default，再度挥出凌厉雄浑一剑，剑气会引爆命中的小剑，造成伤害和眩晕效果。","FaceDirectly":1,"Category":2,"MaxAngle":-1,"Money":366.30000005328,"Requirement":"0,7;","SkillScore":"EvaScore4","Target":"Direction","Damagable":1,"EffectTarget":"Enemy","MoneySum":366.30000005328,"DPSType":1,"MouseShortcut":["1","1","0","0"],"GlobalCD":0,"Targets":30,"SafeAreaForbidden":0,"GoodOrBad":-1,"AttMode":"m","WhetherSuffer":0,"Range":"0,15,2,2","DamagePoint2":0,"DPSStatId":927250,"ExperienceSum":4522.22222288,"Status":0,"TraceWeaponType":0,"Recover":0,"throughWall":0,"SpeedInfluenced":0,"LearnType":"LearnType2","TargetExceedRangePolicy":0}