{"Break":0,"Holding":1,"HavokMoveIgnoreLargeObj":0,"Requirement":"0,7;","MaxPlayerTargets":10,"Experience":2688.88888928,"DPSType":1,"CDInFightStatus":0,"SkillCalculate":3.055555556,"AnimationDuration":0,"LearnGrade":18,"FirePointHeight":80,"Level":70,"TotalLevel":70,"CD":20,"Name":"雷龙天翔","MixHurtTargets":7,"ID":92723001,"Display":"化身雷龙舞动穿梭，对范围内的敌人进行多段斩击，最后以重剑腾空砸下并在身边生成#r#Color_SkillTipColor43#Color_Default柄气剑。#r#n#Color_SkillTipColor4登龙：#n#Color_Default出招过程中，龙吟处于无敌且不可选中状态。","FaceDirectly":1,"Scope":"area;self;5;2,5;0;","Category":1,"LearnType":"LearnType2","Money":217.80000003168,"Recover":2.037,"SkillScore":"EvaScore4","Target":"Location","GoodOrBad":-1,"EffectTarget":"Enemy","MoneySum":217.80000003168,"Damagable":1,"MouseShortcut":["1","1","0","0"],"GlobalCD":0,"WhetherSuffer":0,"DamagePoint2":0.03,"Range":"0,8,5,5","AttMode":"m","Status":0,"MaxAngle":-1,"SetCDWhenInterrupt":"-1","DPSStatId":927230,"ExperienceSum":2688.88888928,"Targets":30,"TraceWeaponType":0,"CastingPoint":0,"throughWall":0,"SpeedInfluenced":0,"SafeAreaForbidden":0,"TargetExceedRangePolicy":0}