{"Break":0,"Holding":1,"LearnType":"LearnType1","MouseShortcut":["1","1","1","1"],"MaxPlayerTargets":1,"Experience":79.83870969,"CastingPoint":0,"CDInFightStatus":0,"SkillCalculate":2.661290323,"SelectPlayerFirst":0,"AnimationDuration":0,"StepSkillId":"928001;928002;928003;","Recover":0,"FirePointHeight":120,"Level":70,"TotalLevel":70,"CD":0,"Name":"蚀骨销魂","MixHurtTargets":7,"ID":92800001,"FaceDirectly":1,"Category":2,"Money":6.46693548489,"SkillScore":"EvaScore3","Target":"Direction","EffectTarget":"None","MoneySum":6.46693548489,"Requirement":"0,8;","HitRate":"ret=1000","GlobalCD":0,"LearnGrade":1,"MaxAngle":0,"ExperienceSum":79.83870969,"AttMode":"m","Targets":1,"SafeAreaForbidden":0,"GoodOrBad":-1,"DPSStatId":0,"DamagePoint2":0,"Range":"0,16,-1,-1","WhetherSuffer":0,"Status":0,"throughWall":0,"SpeedInfluenced":0,"Damagable":1,"TargetExceedRangePolicy":1}