{"Break":0,"Holding":1,"Requirement":"0,8;","MaxPlayerTargets":1,"Experience":0,"CastingPoint":0,"CDInFightStatus":0,"SkillCalculate":0,"SelectPlayerFirst":0,"AnimationDuration":0,"Recover":0.2,"SafeAreaForbidden":0,"GoodOrBad":-1,"TotalLevel":70,"CD":0,"Name":"蚀骨销魂","DamagePoint2":0.13,"ID":92800101,"FaceDirectly":1,"Category":1,"Money":0,"MainSkillId":928000,"Target":"Direction","EffectTarget":"None","MoneySum":0,"HitRate":"ret=1000","GlobalCD":0,"FirePointHeight":120,"Level":70,"ExperienceSum":0,"AttMode":"m","Targets":1,"MaxAngle":30,"Status":0,"DPSStatId":928000,"WhetherSuffer":0,"Range":"0,16,-1,-1","MixHurtTargets":7,"MouseShortcut":["1","1","1","1"],"throughWall":0,"SpeedInfluenced":0,"Damagable":1,"TargetExceedRangePolicy":0}