{"Break":0,"Holding":1,"LearnType":"LearnType1","MouseShortcut":["1","1"],"MaxPlayerTargets":20,"Experience":79.83870969,"CastingPoint":0,"CDInFightStatus":0,"SkillCalculate":2.661290323,"SelectPlayerFirst":0,"AnimationDuration":0,"Recover":0.2,"FirePointHeight":100,"Level":70,"TotalLevel":70,"CD":6,"Name":"黄泉之烬","MixHurtTargets":7,"ID":92815001,"FaceDirectly":1,"Category":1,"Money":6.46693548489,"SkillScore":"EvaScore3","Target":"Location","EffectTarget":"None","MoneySum":6.46693548489,"LearnGrade":1,"HitRate":"ret=1000","GlobalCD":0,"SafeAreaForbidden":0,"DamagePoint2":0.17,"GoodOrBad":-1,"AttMode":"m","ExperienceSum":79.83870969,"Targets":20,"Range":"0,16,-1,-1","DPSStatId":0,"ConsumeResource":"Mp,20","MaxAngle":0,"WhetherSuffer":0,"Status":0,"throughWall":0,"SpeedInfluenced":0,"Damagable":1,"TargetExceedRangePolicy":1}