{"Break":0,"Holding":1,"LearnType":"LearnType2","MouseShortcut":["1","1","1","1"],"MaxPlayerTargets":20,"Experience":1011.29032274,"CastingPoint":0,"CDInFightStatus":0,"SkillCalculate":2.661290323,"SelectPlayerFirst":0,"AnimationDuration":0,"StepSkillId":"928271;928272;928273;","Recover":0,"FirePointHeight":100,"Damagable":1,"TotalLevel":70,"CD":15,"Name":"灵犀三现","MixHurtTargets":7,"ID":92827001,"FaceDirectly":1,"Scope":"area;target;3;3,5;0;","Category":2,"Money":81.91451614194,"SkillScore":"EvaScore3","Target":"Enemy","EffectTarget":"Enemy","MoneySum":81.91451614194,"GoodOrBad":-1,"HitRate":"ret=1000","GlobalCD":0,"MaxAngle":0,"SafeAreaForbidden":0,"ExperienceSum":1011.29032274,"AttMode":"m","Targets":20,"Level":70,"DamagePoint2":0,"DPSStatId":0,"Range":"0,16,-1,-1","ConsumeResource":"Mp,27","WhetherSuffer":0,"Status":0,"throughWall":0,"SpeedInfluenced":0,"LearnGrade":8,"TargetExceedRangePolicy":1}