{"Break":0,"Holding":1,"HavokPathId":"47900199;true;","MaxPlayerTargets":20,"Experience":0,"CastingPoint":0,"CDInFightStatus":0,"SkillCalculate":0,"SelectPlayerFirst":0,"AnimationDuration":0,"Recover":0.5,"SafeAreaForbidden":0,"Level":70,"TotalLevel":70,"CD":15,"Name":"三连击·三","DamagePoint2":0.5,"HavokPathNoZoom":"1","ID":92827301,"FaceDirectly":1,"Scope":"area;target;3;3,5;0;","Category":1,"Money":0,"MainSkillId":928270,"Target":"Enemy","EffectTarget":"Enemy","MoneySum":0,"MaxAngle":0,"HitRate":"ret=1000","GlobalCD":0,"Damagable":1,"MouseShortcut":["1","1","1","1"],"GoodOrBad":-1,"AttMode":"m","ExperienceSum":0,"WhetherSuffer":0,"Targets":20,"DPSStatId":928270,"ConsumeResource":"Mp,27","Range":"0,16,-1,-1","Status":0,"MixHurtTargets":7,"throughWall":0,"SpeedInfluenced":0,"FirePointHeight":100,"TargetExceedRangePolicy":1}