{"Break":0,"MaxAngle":360,"LearnType":"LearnType2","MouseShortcut":["1","1","1","1"],"MaxPlayerTargets":1,"Experience":3938.70967804,"CastingPoint":0,"CDInFightStatus":0,"SkillCalculate":2.661290323,"SelectPlayerFirst":0,"AnimationDuration":0,"Recover":0,"SafeAreaForbidden":0,"GoodOrBad":-1,"TotalLevel":70,"CD":15,"Name":"环灵诀","MixHurtTargets":7,"ID":92824001,"FaceDirectly":0,"Category":1,"Money":319.03548392124,"SkillScore":"EvaScore3","Target":"Direction","EffectTarget":"None","MoneySum":319.03548392124,"Holding":2,"HitRate":"ret=1000","GlobalCD":0,"Level":70,"Damagable":1,"FirePointHeight":120,"AttMode":"m","ExperienceSum":3938.70967804,"Status":0,"DamagePoint2":0,"DPSStatId":0,"Range":"0,16,-1,-1","ConsumeResource":"Mp,45","Targets":1,"WhetherSuffer":0,"throughWall":0,"SpeedInfluenced":0,"LearnGrade":30,"TargetExceedRangePolicy":0}