{"Break":0,"Holding":1,"MouseShortcut":["1","1","1","1"],"MaxPlayerTargets":20,"Experience":0,"CastingPoint":0,"CDInFightStatus":0,"SkillCalculate":0,"SelectPlayerFirst":0,"AnimationDuration":0,"Recover":0.83,"FirePointHeight":100,"Level":70,"TotalLevel":70,"CD":15,"Name":"三连击·二","MixHurtTargets":7,"ID":92827201,"FaceDirectly":1,"Scope":"area;target;3;3,5;0;","Category":1,"Money":0,"MainSkillId":928270,"Target":"Enemy","EffectTarget":"Enemy","MoneySum":0,"HitRate":"ret=1000","GlobalCD":0,"GoodOrBad":-1,"Damagable":1,"DamagePoint2":0.17,"AttMode":"m","ExperienceSum":0,"MaxAngle":0,"Status":0,"DPSStatId":928270,"WhetherSuffer":0,"ConsumeResource":"Mp,27","Targets":20,"Range":"0,16,-1,-1","throughWall":0,"SpeedInfluenced":0,"SafeAreaForbidden":0,"TargetExceedRangePolicy":1}