{"Break":0,"MaxAngle":0,"MouseShortcut":["1","1","1","1"],"MaxPlayerTargets":20,"Experience":0,"CastingPoint":0,"CDInFightStatus":0,"SkillCalculate":0,"SelectPlayerFirst":0,"AnimationDuration":0,"Recover":0.23,"FirePointHeight":100,"GoodOrBad":-1,"TotalLevel":70,"CD":15,"Name":"三连击·一","MixHurtTargets":7,"ID":92827101,"Range":"0,16,-1,-1","Scope":"area;target;3;3,5;0;","Category":1,"Money":0,"MainSkillId":928270,"Target":"Enemy","EffectTarget":"Enemy","MoneySum":0,"HitRate":"ret=1000","GlobalCD":0,"Level":70,"SafeAreaForbidden":0,"ConsumeResource":"Mp,27","AttMode":"m","ExperienceSum":0,"Damagable":1,"Holding":1,"DPSStatId":928270,"Targets":20,"WhetherSuffer":0,"Status":0,"FaceDirectly":1,"throughWall":0,"SpeedInfluenced":0,"DamagePoint2":0.13,"TargetExceedRangePolicy":1}