{"Break":0,"Holding":2,"LearnType":"LearnType2","MouseShortcut":["1","1","1","1"],"MaxPlayerTargets":20,"Experience":2341.93548424,"CastingPoint":0,"CDInFightStatus":0,"SkillCalculate":2.661290323,"SelectPlayerFirst":0,"AnimationDuration":0,"Recover":0,"SafeAreaForbidden":0,"Level":70,"TotalLevel":70,"CD":15,"Name":"破梦","MixHurtTargets":7,"ID":92836001,"FaceDirectly":1,"Category":2,"Money":189.69677422344,"SkillScore":"EvaScore3","Target":"Location","Requirement":"0,8;","EffectTarget":"None","MoneySum":189.69677422344,"FirePointHeight":120,"HitRate":"ret=1000","GlobalCD":0,"Damagable":1,"LearnGrade":18,"GoodOrBad":-1,"AttMode":"m","WhetherSuffer":0,"Status":0,"DamagePoint2":0,"DPSStatId":0,"Range":"0,15,-1,-1","ConsumeResource":"Mp,45","Targets":20,"ExperienceSum":2341.93548424,"throughWall":0,"SpeedInfluenced":0,"MaxAngle":0,"TargetExceedRangePolicy":1}