{"Break":0,"Holding":1,"LearnType":"LearnType3","MouseShortcut":["0"],"MaxPlayerTargets":1,"Experience":0,"CastingPoint":0,"AnimationDuration":0,"LearnGrade":1,"SafeAreaForbidden":1,"Damagable":0,"TotalLevel":1,"CD":0.4,"Name":"燕回风","DamagePoint2":0,"ID":96120501,"Display":"快速冲刺一段距离，默认按键为shift，可结合方向键施展。#r#Color_SkillTipColor3燕返：可在技能招式的出招过程中释放，立即断招冲出。#r#Color_SkillTipColor3双击：战斗状态时，双击方向键亦可施展（可于个人设置中关闭）。","Range":"0,10,-1,-1","Category":1,"ConsumeResource":"JumpPower,50,SKILL_CONDITION_NOT_ENOUGH_JUMPPOWER_YHF","Target":"Location","EffectTarget":"None","MoneySum":0,"GlobalCD":0,"MaxAngle":-1,"Targets":1,"Recover":0,"AttMode":"h","Status":0,"GoodOrBad":1,"Money":0,"DPSStatId":0,"FaceDirectly":1,"Level":1,"WhetherSuffer":0,"ExperienceSum":0,"throughWall":1,"SpeedInfluenced":1,"SkillEvent":"NoAtt;YHFSkill;NoClientMotion;","TargetExceedRangePolicy":0}